date,cs_kwh
2020-02-02,74.83903454545694
2020-02-03,75.2957030304085
2020-02-04,75.75185381252523
2020-02-05,76.20795707007397
2020-02-06,76.67728933197523
2020-02-07,77.13719849654213
2020-02-08,77.59879084724435
2020-02-09,78.07240040738867
2020-02-10,78.53617904266706
2020-02-11,79.00215232003205
2020-02-12,79.47422511024719
2020-02-13,79.93829078462107
2020-02-14,80.40599899924587
2020-02-15,80.87486247900088
2020-02-16,81.3387127092069
2020-02-17,81.80093803067665
2020-02-18,82.2651841508798
2020-02-19,82.72575430752264
2020-02-20,83.18096593273853
2020-02-21,83.64155817192139
2020-02-22,84.09136509397649
2020-02-23,84.5419442821691
2020-02-24,84.95303900744263
2020-02-25,85.34304378809492
2020-02-26,85.75011589138929
2020-02-27,86.1585650841456
2020-02-28,86.57813817486559
2020-02-29,86.98103588358322
2020-03-01,87.3892087422693
2020-03-02,87.79651362716527
2020-03-03,88.19748566302565
2020-03-04,88.59443450934232
2020-03-05,88.98550785813359
2020-03-06,89.37300656706655
2020-03-07,89.75369442065097
2020-03-08,90.13000325704522
2020-03-09,90.50583815179029
2020-03-10,90.87080268058084
2020-03-11,91.23001595757485
2020-03-12,91.58826356623737
2020-03-13,91.94131696330699
2020-03-14,92.2830142751925
2020-03-15,92.6190734613788
2020-03-16,92.86564832623685
2020-03-17,93.01899119299138
2020-03-18,93.16816960250034
2020-03-19,93.31279790279557
2020-03-20,93.44842046195072
2020-03-21,93.58781578223625
2020-03-22,93.71351759124245
2020-03-23,93.835362118201
2020-03-24,93.96140046801086
2020-03-25,94.07305872462533
2020-03-26,94.18447283968037
2020-03-27,94.28666469586491
2020-03-28,94.39442899976999
2020-03-29,94.48739028188706
2020-03-30,94.58028644692467
2020-03-31,94.66850190352916
2020-04-01,94.74652682040612
2020-04-02,94.83115562431128
2020-04-03,94.89925166785861
2020-04-04,94.96938820317334
2020-04-05,95.04002561372378
2020-04-06,95.0944109645618
2020-04-07,95.15627379092096
2020-04-08,95.2034818108754
2020-04-09,95.2569069118746
2020-04-10,95.30042630097344
2020-04-11,95.33870738781904
2020-04-12,95.38043023950286
2020-04-13,95.41167044805496
2020-04-14,95.44513446375026
2020-04-15,95.47370320129205
2020-04-16,95.58850045461266
2020-04-17,95.68554160967484
2020-04-18,95.79054308338952
2020-04-19,95.89111671373622
2020-04-20,95.98050934638404
2020-04-21,96.06658128963099
2020-04-22,96.15391301449016
2020-04-23,96.23158881872811
2020-04-24,96.31213307432823
2020-04-25,96.3812550738015
2020-04-26,96.45336774226841
2020-04-27,96.5169304013381
2020-04-28,96.58186744453732
2020-04-29,96.64294992640137
2020-04-30,96.70078565670492
2020-05-01,96.75614924778499
2020-05-02,96.79746912703328
2020-05-03,96.8470545476093
2020-05-04,96.89455555766851
2020-05-05,96.9394401479495
2020-05-06,96.98066618022986
2020-05-07,97.01954030003527
2020-05-08,97.05675311489058
2020-05-09,97.08662303865225
2020-05-10,97.11984630814452
2020-05-11,97.15125423067343
2020-05-12,97.17580432713672
2020-05-13,97.20443116481967
2020-05-14,97.23041431888092
2020-05-15,97.25574660678754
2020-05-16,97.30442688080026
2020-05-17,97.36691104555713
2020-05-18,97.43301972236934
2020-05-19,97.49844935424069
2020-05-20,97.56243661691721
2020-05-21,97.62635093174474
2020-05-22,97.68933249772053
2020-05-23,97.75182269653139
2020-05-24,97.81834734136055
2020-05-25,97.87732944111742
2020-05-26,97.94310875573574
2020-05-27,97.99998755198516
2020-05-28,98.06545201856449
2020-05-29,98.12427901137958
2020-05-30,98.19082934495003
2020-05-31,98.25337595636378
2020-06-01,98.31574913126636
2020-06-02,98.38342689939536
2020-06-03,98.44715079114015
2020-06-04,98.51252549758563
2020-06-05,98.58077537619141
2020-06-06,98.64782636096136
2020-06-07,98.71807259230998
2020-06-08,98.78331235664623
2020-06-09,98.85484338543971
2020-06-10,98.92940208700735
2020-06-11,98.9980634571305
2020-06-12,99.07337556270475
2020-06-13,99.14991872798582
2020-06-14,99.22427909264789
2020-06-15,99.30182102826939
2020-06-16,99.30339953598036
2020-06-17,99.3052107579318
2020-06-18,99.3075218610426
2020-06-19,99.3120083114189
2020-06-20,99.31668302895541
2020-06-21,99.32187826753102
2020-06-22,99.33390147459022
2020-06-23,99.3414251598502
2020-06-24,99.34923214306413
2020-06-25,99.36141669057692
2020-06-26,99.37519826195748
2020-06-27,99.38759237895302
2020-06-28,99.40245705702897
2020-06-29,99.41924389131017
2020-06-30,99.43726913580528
2020-07-01,99.45267430003153
2020-07-02,99.46750643022284
2020-07-03,99.490068034668
2020-07-04,99.50711205173201
2020-07-05,99.5321406287655
2020-07-06,99.54984233729085
2020-07-07,99.5675027742773
2020-07-08,99.59277852611329
2020-07-09,99.6114300056335
2020-07-10,99.63362153331585
2020-07-11,99.65503051371961
2020-07-12,99.67696386768058
2020-07-13,99.69851624140163
2020-07-14,99.71969575605726
2020-07-15,99.7398088061644
2020-07-16,99.76337323344718
2020-07-17,99.79092775970192
2020-07-18,99.816092486205
2020-07-19,99.84696390540358
2020-07-20,99.86502961329674
2020-07-21,99.89240015657802
2020-07-22,99.91342014240212
2020-07-23,99.93208537485779
2020-07-24,99.9561656710433
2020-07-25,99.97894440712429
2020-07-26,99.99840247278526
2020-07-27,100.01588028221919
2020-07-28,100.03175232248974
2020-07-29,100.05207223689331
2020-07-30,100.07129134531415
2020-07-31,100.10864255926248
2020-08-01,100.15763084139546
2020-08-02,100.14671746706378
2020-08-03,100.13251999294707
2020-08-04,100.11483763846758
2020-08-05,100.09336318785068
2020-08-06,100.06803286617951
2020-08-07,100.03864188311111
2020-08-08,100.00504256955566
2020-08-09,99.96715442034287
2020-08-10,99.92434887567242
2020-08-11,99.87507282036407
2020-08-12,99.82466282726179
2020-08-13,99.76859680273263
2020-08-14,99.70597945678294
2020-08-15,99.63616532313274
2020-08-16,99.59821021283194
2020-08-17,99.59032437984855
2020-08-18,99.57588472846655
2020-08-19,99.55618837802304
2020-08-20,99.53111002521617
2020-08-21,99.50168385726352
2020-08-22,99.46386158108
2020-08-23,99.42375490167905
2020-08-24,99.37575783876702
2020-08-25,99.32177752589477
2020-08-26,99.26165824778231
2020-08-27,99.19533642749029
2020-08-28,99.12357562353522
2020-08-29,99.0445725028841
2020-08-30,98.95738950397195
2020-08-31,98.86637873179869
2020-09-01,98.76761317799583
2020-09-02,98.66273200649839
2020-09-03,98.55092508818704
2020-09-04,98.43153784647238
2020-09-05,98.30334293461948
2020-09-06,98.1711915812045
2020-09-07,98.03103800094149
2020-09-08,97.88321579977652
2020-09-09,97.72819359079011
2020-09-10,97.56592220328561
2020-09-11,97.39576305412211
2020-09-12,97.21899846000663
2020-09-13,97.03461197964891
2020-09-14,96.8427948016096
2020-09-15,96.64501614340793
2020-09-16,96.40445514681156
2020-09-17,96.15023682580733
2020-09-18,95.89250697796001
2020-09-19,95.62865613263345
2020-09-20,95.3549710227233
2020-09-21,95.07427230247633
2020-09-22,94.78778257226205
2020-09-23,94.49172883174673
2020-09-24,94.18767062259558
2020-09-25,93.87631423548355
2020-09-26,93.55830027913517
2020-09-27,93.23486425943564
2020-09-28,92.8995137160116
2020-09-29,92.56214540979754
2020-09-30,92.21776084397003
2020-10-01,91.86405657159077
2020-10-02,91.50020915801433
2020-10-03,91.13513833236782
2020-10-04,90.76171509705289
2020-10-05,90.38130543101813
2020-10-06,89.99703721730454
2020-10-07,89.60743266307811
2020-10-08,89.20914768434734
2020-10-09,88.80158947341405
2020-10-10,88.39291773046132
2020-10-11,87.97797645716034
2020-10-12,87.56045997606219
2020-10-13,87.13467077180555
2020-10-14,86.706460687982
2020-10-15,86.27145141367237
2020-10-16,85.86012637135038
2020-10-17,85.46334746585507
2020-10-18,85.06540616176586
2020-10-19,84.66441992573449
2020-10-20,84.26741752748843
2020-10-21,83.86158132291773
2020-10-22,83.45302374653761
2020-10-23,83.04241586154173
2020-10-24,82.6330255709316
2020-10-25,82.22130469279767
2020-10-26,81.80260136073716
2020-10-27,81.38549199493036
2020-10-28,80.97154794944387
2020-10-29,80.55429826980463
2020-10-30,80.13665373897875
2020-10-31,79.71944484550326
2020-11-01,79.30522090925163
2020-11-02,78.88971682252414
2020-11-03,78.4783667717548
2020-11-04,78.06558401571928
2020-11-05,77.6571776052058
2020-11-06,77.24851238292949
2020-11-07,76.84201890109225
2020-11-08,76.43884609550743
2020-11-09,76.0389514070874
2020-11-10,75.64600340709269
2020-11-11,75.25351580758982
2020-11-12,74.86912551909019
2020-11-13,74.48243713282301
2020-11-14,74.10402096299148
2020-11-15,73.73174381647108
2020-11-16,73.35028467948071
2020-11-17,72.96874894544531
2020-11-18,72.59385688125273
2020-11-19,72.2256034735787
2020-11-20,71.86785476135105
2020-11-21,71.51778593199838
2020-11-22,71.16825398201385
2020-11-23,70.83470943895924
2020-11-24,70.50646898698292
2020-11-25,70.1870794436701
2020-11-26,69.8803657622681
2020-11-27,69.58343278183152
2020-11-28,69.29319627679935
2020-11-29,69.01334484144624
2020-11-30,68.74685785032482
2020-12-01,68.48382312530681
2020-12-02,68.23602532996013
2020-12-03,67.99959917324868
2020-12-04,67.774790606461
2020-12-05,67.56182917532733
2020-12-06,67.36795096204644
2020-12-07,67.17897212579243
2020-12-08,67.00251179447652
2020-12-09,66.83875036340142
2020-12-10,66.68786618064745
2020-12-11,66.54682972967959
2020-12-12,66.42201896198014
2020-12-13,66.30615294439974
2020-12-14,66.20797906860346
2020-12-15,66.12762471295616
2020-12-16,66.01844535600317
2020-12-17,65.887998565012
2020-12-18,65.76820532311115
2020-12-19,65.6686498909135
2020-12-20,65.57221253733083
2020-12-21,65.49720441171426
2020-12-22,65.4362364866998
2020-12-23,65.38930263713742
2020-12-24,65.34881028546722
2020-12-25,65.32983511028631
2020-12-26,65.3247471013345
2020-12-27,65.33347783415576
2020-12-28,65.35224465895348
2020-12-29,65.38455813215342
2020-12-30,65.42942522565991
2020-12-31,65.48851643022076
2021-01-01,65.273641308762
2021-01-02,65.35963519056084
2021-01-03,65.46180724982895
2021-01-04,65.57272639566919
2021-01-05,65.69610847689756
2021-01-06,65.8317290110915
2021-01-07,65.97235194734441
2021-01-08,66.13192268981066
2021-01-09,66.30303941972792
2021-01-10,66.48505295209996
2021-01-11,66.67809846041474
2021-01-12,66.88251715399518
2021-01-13,67.0967271228058
2021-01-14,67.32110943092223
2021-01-15,67.55586561438366
2021-01-16,67.84541988951219
2021-01-17,68.19373275280277
2021-01-18,68.55825261389317
2021-01-19,68.93179066424925
2021-01-20,69.31289111292536
2021-01-21,69.69757931784537
2021-01-22,70.08973142878973
2021-01-23,70.49735981130371
2021-01-24,70.90349296674624
2021-01-25,71.31598190741298
2021-01-26,71.74456846449552
2021-01-27,72.17113215164048
2021-01-28,72.60350909131765
2021-01-29,73.03998408570804
2021-01-30,73.4817948735775
2021-01-31,73.92734753240096
2021-02-01,74.37587669133661
2021-02-02,74.83126722995537
2021-02-03,75.28720577126768
2021-02-04,75.7447475764429
2021-02-05,76.20762829123557
2021-02-06,76.6700661587235
2021-02-07,77.13558413202774
2021-02-08,77.60107271347036
2021-02-09,78.0676348067709
2021-02-10,78.53554225209311
2021-02-11,79.0052594225061
2021-02-12,79.47110042499664
2021-02-13,79.93662250507374
2021-02-14,80.40528116159858
2021-02-15,80.87094602739441
2021-02-16,81.33119468460501
2021-02-17,81.79436663514728
2021-02-18,82.25565604032889
2021-02-19,82.71229495883435
2021-02-20,83.16881190833122
2021-02-21,83.62092119843447
2021-02-22,84.07052422839142
2021-02-23,84.51637902672017
2021-02-24,84.88589326151215
2021-02-25,85.29269894006045
2021-02-26,85.70086721566061
2021-02-27,86.10759023358023
2021-02-28,86.5228980358338
2021-03-01,86.91993569628497
2021-03-02,87.3249419708735
2021-03-03,87.72941002618879
2021-03-04,88.12474926173942
2021-03-05,88.51720837521924
2021-03-06,88.90446158917182
2021-03-07,89.28578883548712
2021-03-08,89.66804851731082
2021-03-09,90.0394818742725
2021-03-10,90.40524758997745
2021-03-11,90.76530050272817
2021-03-12,91.12948178966583
2021-03-13,91.47835870573158
2021-03-14,91.82087271841917
2021-03-15,92.16212990066113
2021-03-16,92.40475955532217
2021-03-17,92.55880748488919
2021-03-18,92.70771258000956
2021-03-19,92.85269303906192
2021-03-20,92.98852368722902
2021-03-21,93.12811111542783
2021-03-22,93.25390215613794
2021-03-23,93.37580722116674
2021-03-24,93.5018334298993
2021-03-25,93.61354067298815
2021-03-26,93.72491824896116
2021-03-27,93.8324419871613
2021-03-28,93.93479126252318
2021-03-29,94.02777641164661
2021-03-30,94.1257614415857
2021-03-31,94.20888172649572
2021-04-01,94.29219915424642
2021-04-02,94.37086474837194
2021-04-03,94.44534010794438
2021-04-04,94.51035996179742
2021-04-05,94.58120139506691
2021-04-06,94.63586977084073
2021-04-07,94.69796716083769
2021-04-08,94.7454525226481
2021-04-09,94.79907890887603
2021-04-10,94.84282341052072
2021-04-11,94.88127298500028
2021-04-12,94.92311639963658
2021-04-13,94.95444073394833
2021-04-14,94.98685562415382
2021-04-15,95.01702479143235
2021-04-16,95.1314058176856
2021-04-17,95.22756538114784
2021-04-18,95.33208585724674
2021-04-19,95.43212331908022
2021-04-20,95.52099066842032
2021-04-21,95.60648252958504
2021-04-22,95.69315272403416
2021-04-23,95.77015671003073
2021-04-24,95.84997994490507
2021-04-25,95.92441479109739
2021-04-26,95.98973675860802
2021-04-27,96.05254503690666
2021-04-28,96.11670287790588
2021-04-29,96.17702861459095
2021-04-30,96.23409827970109
2021-05-01,96.28869246013525
2021-05-02,96.33479338986078
2021-05-03,96.37809335705975
2021-05-04,96.42480336411622
2021-05-05,96.46888176643161
2021-05-06,96.5099467368603
2021-05-07,96.54787852673377
2021-05-08,96.58363460191774
2021-05-09,96.6178425223606
2021-05-10,96.64483450896621
2021-05-11,96.67522321302219
2021-05-12,96.70388240140026
2021-05-13,96.7262502778584
2021-05-14,96.75110876795219
2021-05-15,96.77525692217384
2021-05-16,96.82232209709346
2021-05-17,96.88332144117388
2021-05-18,96.95302546518573
2021-05-19,97.01216524168731
2021-05-20,97.07460116631069
2021-05-21,97.13692252649841
2021-05-22,97.19828780546416
2021-05-23,97.25911961277558
2021-05-24,97.32396625654793
2021-05-25,97.38127795707615
2021-05-26,97.44535324435658
2021-05-27,97.50057282029465
2021-05-28,97.56431507070425
2021-05-29,97.62143972451913
2021-05-30,97.68624211353882
2021-05-31,97.75054634084351
2021-06-01,97.80767433471553
2021-06-02,97.87355612884986
2021-06-03,97.93548685395429
2021-06-04,97.99903076405936
2021-06-05,98.0654177763167
2021-06-06,98.13079698757947
2021-06-07,98.19892982435735
2021-06-08,98.26225894823632
2021-06-09,98.3318348821245
2021-06-10,98.40439085570776
2021-06-11,98.47106692459484
2021-06-12,98.54436114214711
2021-06-13,98.61887242027723
2021-06-14,98.69120391522127
2021-06-15,98.76669606291375
2021-06-16,98.76663603411595
2021-06-17,98.76681236750844
2021-06-18,98.76750049079465
2021-06-19,98.77036758345865
2021-06-20,98.7734366380874
2021-06-21,98.77704872356034
2021-06-22,98.78747736142843
2021-06-23,98.79346208783569
2021-06-24,98.79976516156079
2021-06-25,98.81044826814704
2021-06-26,98.82300167706747
2021-06-27,98.83371683463005
2021-06-28,98.84716943115305
2021-06-29,98.8625609283991
2021-06-30,98.87921506268381
2021-07-01,98.89242370902298
2021-07-02,98.90683635480354
2021-07-03,98.92807976067692
2021-07-04,98.94385330166376
2021-07-05,98.96759737608248
2021-07-06,98.98409556847267
2021-07-07,99.00009024964565
2021-07-08,99.02466797566211
2021-07-09,99.04220379605756
2021-07-10,99.06328902380271
2021-07-11,99.08362946836968
2021-07-12,99.10452991869558
2021-07-13,99.124574373213
2021-07-14,99.14532180341982
2021-07-15,99.16453523047326
2021-07-16,99.18722335290437
2021-07-17,99.2139386792391
2021-07-18,99.23832094296559
2021-07-19,99.267646583323
2021-07-20,99.28589462583447
2021-07-21,99.31265538868186
2021-07-22,99.33317418579966
2021-07-23,99.35142064922705
2021-07-24,99.37536993605997
2021-07-25,99.39665640717605
2021-07-26,99.41683204395183
2021-07-27,99.43416289929844
2021-07-28,99.44995037601561
2021-07-29,99.47020786992262
2021-07-30,99.48943972222975
2021-07-31,99.52565414600109
2021-08-01,99.57560782281082
2021-08-02,99.56501344311015
2021-08-03,99.55118944838325
2021-08-04,99.53396646881107
2021-08-05,99.51298957867897
2021-08-06,99.48824329842215
2021-08-07,99.45947802768299
2021-08-08,99.42531425987502
2021-08-09,99.38947382459773
2021-08-10,99.34752596668439
2021-08-11,99.2998471112886
2021-08-12,99.24981508220012
2021-08-13,99.19488529203942
2021-08-14,99.13348349798896
2021-08-15,99.06500433434144
2021-08-16,99.02823396322961
2021-08-17,99.02141615155125
2021-08-18,99.00815681201387
2021-08-19,98.9897449280587
2021-08-20,98.96607682114163
2021-08-21,98.93818914283588
2021-08-22,98.9034789120053
2021-08-23,98.86271093854488
2021-08-24,98.81745715719845
2021-08-25,98.76538657583524
2021-08-26,98.7072607162132
2021-08-27,98.6429898418387
2021-08-28,98.57248714995745
2021-08-29,98.49647178642213
2021-08-30,98.41150723648761
2021-08-31,98.32271257310792
2021-09-01,98.22621375628121
2021-09-02,98.1230222490016
2021-09-03,98.01361790393454
2021-09-04,97.89723484504124
2021-09-05,97.77329270473686
2021-09-06,97.64186008551633
2021-09-07,97.50431703756115
2021-09-08,97.35914107031691
2021-09-09,97.2068450577094
2021-09-10,97.0473874804734
2021-09-11,96.8821082815568
2021-09-12,96.70642680698045
2021-09-13,96.5251854128548
2021-09-14,96.33661523265268
2021-09-15,96.14224138940848
2021-09-16,95.90539377563655
2021-09-17,95.65505936140454
2021-09-18,95.40129989034587
2021-09-19,95.1415650813489
2021-09-20,94.87250710822181
2021-09-21,94.5955635272882
2021-09-22,94.31337915497292
2021-09-23,94.02170763041126
2021-09-24,93.72004379606096
2021-09-25,93.4149268703336
2021-09-26,93.10123048860305
2021-09-27,92.78210411336302
2021-09-28,92.45098030215513
2021-09-29,92.11778629028308
2021-09-30,91.77763543541573
2021-10-01,91.42805031200683
2021-10-02,91.07091746099186
2021-10-03,90.70721277314819
2021-10-04,90.33789969509728
2021-10-05,89.96149384621854
2021-10-06,89.5787611644601
2021-10-07,89.19559267897625
2021-10-08,88.8014949846729
2021-10-09,88.39546412078292
2021-10-10,87.99342227896021
2021-10-11,87.58266987018835
2021-10-12,87.16948115857654
2021-10-13,86.7480205339883
2021-10-14,86.32415698201908
2021-10-15,85.89087253438734
2021-10-16,85.48387239737751
2021-10-17,85.09751817387337
2021-10-18,84.70064802381995
2021-10-19,84.30392790168642
2021-10-20,83.9082601117725
2021-10-21,83.50972441843336
2021-10-22,83.10530347506432
2021-10-23,82.69872735916853
2021-10-24,82.29322168218314
2021-10-25,81.88521258189547
2021-10-26,81.4702267638515
2021-10-27,81.05747135075208
2021-10-28,80.64592504680262
2021-10-29,80.23178418281064
2021-10-30,79.8205774087878
2021-10-31,79.40278285771817
2021-11-01,78.99118187536547
2021-11-02,78.578311307196
2021-11-03,78.16629544082812
2021-11-04,77.75894350525594
2021-11-05,77.3504346268512
2021-11-06,76.94636920621079
2021-11-07,76.54255421863458
2021-11-08,76.14102913566686
2021-11-09,75.74319845566976
2021-11-10,75.34913054405419
2021-11-11,74.96235673953947
2021-11-12,74.57632510995636
2021-11-13,74.19488177616746
2021-11-14,73.81841798094769
2021-11-15,73.448044888546
2021-11-16,73.06216699007061
2021-11-17,72.68882778655102
2021-11-18,72.31568610499158
2021-11-19,71.94914563590132
2021-11-20,71.59280177953922
2021-11-21,71.24399216084572
2021-11-22,70.89548549871606
2021-11-23,70.56273619969649
2021-11-24,70.23520412534909
2021-11-25,69.91617802953466
2021-11-26,69.60636991571234
2021-11-27,69.31260080187755
2021-11-28,69.02212219389972
2021-11-29,68.74186209360299
2021-11-30,68.47167123828015
2021-12-01,68.21118824990747
2021-12-02,67.96256542407272
2021-12-03,67.7252035640784
2021-12-04,67.49935680212546
2021-12-05,67.28527174952687
2021-12-06,67.0870118696881
2021-12-07,66.89996281042355
2021-12-08,66.7221460853628
2021-12-09,66.55696797010148
2021-12-10,66.40461869326562
2021-12-11,66.262063191264
2021-12-12,66.13575506013994
2021-12-13,66.018261788588
2021-12-14,65.91837415254815
2021-12-15,65.83621112309547
2021-12-16,65.72533712719311
2021-12-17,65.59325755424045
2021-12-18,65.47177849218338
2021-12-19,65.37035296334723
2021-12-20,65.2720265745055
2021-12-21,65.1948752250481
2021-12-22,65.1316377384285
2021-12-23,65.0823148285678
2021-12-24,65.04358654089174
2021-12-25,65.02111607293614
2021-12-26,65.010063960831
2021-12-27,65.01609594875713
2021-12-28,65.03225569250681
2021-12-29,65.06184326718302
2021-12-30,65.1040110885579
2021-12-31,65.16377315416877
2022-01-01,64.90362531695004
2022-01-02,64.98920903661879
2022-01-03,65.08420800970545
2022-01-04,65.19142423188377
2022-01-05,65.31098188411002
2022-01-06,65.44276338767136
2022-01-07,65.58294761775666
2022-01-08,65.73523323427601
2022-01-09,65.90249623525217
2022-01-10,66.08069892152564
2022-01-11,66.26984225891772
2022-01-12,66.47378099452153
2022-01-13,66.68068063093524
2022-01-14,66.90115578341691
2022-01-15,67.13137528163489
2022-01-16,67.41750455352569
2022-01-17,67.76477334269178
2022-01-18,68.1215309230833
2022-01-19,68.49012793479815
2022-01-20,68.8674927110672
2022-01-21,69.24788836001453
2022-01-22,69.63581410188243
2022-01-23,70.03923041107728
2022-01-24,70.44132521192913
2022-01-25,70.85291004247298
2022-01-26,71.27768201845974
2022-01-27,71.69775917893395
2022-01-28,72.12662554957411
2022-01-29,72.55972078121637
2022-01-30,72.99825666389094
2022-01-31,73.44337017970376
2022-02-01,73.88874699708107
2022-02-02,74.33848090417284
2022-02-03,74.79141092320411
2022-02-04,75.24843777736925
2022-02-05,75.70602370716311
2022-02-06,76.16551543055287
2022-02-07,76.62810424555923
2022-02-08,77.09068320649727
2022-02-09,77.55436585466639
2022-02-10,78.01962799967964
2022-02-11,78.48359629955846
2022-02-12,78.95162942339272
2022-02-13,79.41245699747643
2022-02-14,79.87566565073396
2022-02-15,80.3415981147536
2022-02-16,80.7994388417224
2022-02-17,81.26189926178922
2022-02-18,81.71912941546059
2022-02-19,82.17355209841357
2022-02-20,82.6280701601195
2022-02-21,83.07980711008624
2022-02-22,83.52618867170285
2022-02-23,83.97184583596787
2022-02-24,84.34695061692456
2022-02-25,84.74267069790784
2022-02-26,85.15191460324034
2022-02-27,85.56526567663799
2022-02-28,85.97229361985517
2022-03-01,86.37593492261855
2022-03-02,86.77312039568164
2022-03-03,87.17689044644976
2022-03-04,87.57161500661805
2022-03-05,87.9626025119886
2022-03-06,88.35028184315077
2022-03-07,88.73102603242654
2022-03-08,89.11265040998401
2022-03-09,89.48361707383825
2022-03-10,89.84844148586777
2022-03-11,90.21322219720068
2022-03-12,90.5719253191706
2022-03-13,90.9204165315414
2022-03-14,91.26290780448792
2022-03-15,91.60326821966895
2022-03-16,91.8502618702111
2022-03-17,92.00477319662313
2022-03-18,92.14965882323649
2022-03-19,92.2951106551277
2022-03-20,92.43156062020967
2022-03-21,92.57185647952669
2022-03-22,92.69841063200938
2022-03-23,92.82590750307516
2022-03-24,92.9481344436043
2022-03-25,93.06135355697226
2022-03-26,93.17347705415344
2022-03-27,93.28220776792834
2022-03-28,93.38626802748789
2022-03-29,93.48022352776219
2022-03-30,93.57951541986455
2022-03-31,93.66400436969178
2022-04-01,93.74910666787848
2022-04-02,93.82869715409372
2022-04-03,93.90448180503306
2022-04-04,93.97620552650127
2022-04-05,94.04291328361394
2022-04-06,94.09886588463014
2022-04-07,94.16264156318
2022-04-08,94.21087747271312
2022-04-09,94.26565240950293
2022-04-10,94.31637646080893
2022-04-11,94.35067476030314
2022-04-12,94.39314238376424
2022-04-13,94.43169753641853
2022-04-14,94.45967354141885
2022-04-15,94.49047212175422
2022-04-16,94.60560994474949
2022-04-17,94.70881433447188
2022-04-18,94.80796135710813
2022-04-19,94.9088464375827
2022-04-20,94.9986840673253
2022-04-21,95.08422737322122
2022-04-22,95.17280613000133
2022-04-23,95.25673851997603
2022-04-24,95.33085712423093
2022-04-25,95.40720452381287
2022-04-26,95.4735884393855
2022-04-27,95.54238176313885
2022-04-28,95.60277116739289
2022-04-29,95.66459098162409
2022-04-30,95.7226168269344
2022-05-01,95.77751353623769
2022-05-02,95.83002675725051
2022-05-03,95.8687126803574
2022-05-04,95.91562157949267
2022-05-05,95.96111322473152
2022-05-06,96.00293082842909
2022-05-07,96.0416178590784
2022-05-08,96.0780854206735
2022-05-09,96.11296863897746
2022-05-10,96.14063226662385
2022-05-11,96.17164770534959
2022-05-12,96.20091352519134
2022-05-13,96.22343965801245
2022-05-14,96.24934700335491
2022-05-15,96.27406552556944
2022-05-16,96.3216012099187
2022-05-17,96.38297789733026
2022-05-18,96.45301580247737
2022-05-19,96.51251788449896
2022-05-20,96.57588568282837
2022-05-21,96.63749980578102
2022-05-22,96.69966108673157
2022-05-23,96.76078097406433
2022-05-24,96.82588621740283
2022-05-25,96.88344827735229
2022-05-26,96.9477190770693
2022-05-27,97.00314941163018
2022-05-28,97.06701552237725
2022-05-29,97.12790818706986
2022-05-30,97.18909856578063
2022-05-31,97.25341010500841
2022-06-01,97.31056600209304
2022-06-02,97.3763944242146
2022-06-03,97.43826438552817
2022-06-04,97.50171728980112
2022-06-05,97.56797793606349
2022-06-06,97.6332129970693
2022-06-07,97.7011777170292
2022-06-08,97.76434120897903
2022-06-09,97.83371310065965
2022-06-10,97.90603852629934
2022-06-11,97.97259597352323
2022-06-12,98.04555411414441
2022-06-13,98.11981831895469
2022-06-14,98.19191397584638
2022-06-15,98.2671578170486
2022-06-16,98.26723093853856
2022-06-17,98.26754430955152
2022-06-18,98.26837245619404
2022-06-19,98.27137293542009
2022-06-20,98.27457170711672
2022-06-21,98.27831108494547
2022-06-22,98.28882907860383
2022-06-23,98.29492124553637
2022-06-24,98.30132877764738
2022-06-25,98.31158624896587
2022-06-26,98.32469242461904
2022-06-27,98.33547366822644
2022-06-28,98.34897461957547
2022-06-29,98.36440502628588
2022-06-30,98.3810948164499
2022-07-01,98.39524034971168
2022-07-02,98.40883973956778
2022-07-03,98.4301142277927
2022-07-04,98.44578658900849
2022-07-05,98.46974763112173
2022-07-06,98.48634836648444
2022-07-07,98.50246556585844
2022-07-08,98.52714365539792
2022-07-09,98.54485791523757
2022-07-10,98.56611379321232
2022-07-11,98.58665971631535
2022-07-12,98.60779646185163
2022-07-13,98.62811559806724
2022-07-14,98.64918027970711
2022-07-15,98.66873944452512
2022-07-16,98.69179786786111
2022-07-17,98.71890205233994
2022-07-18,98.74370152849745
2022-07-19,98.7734412371169
2022-07-20,98.7921963220209
2022-07-21,98.8194220137937
2022-07-22,98.84045453774966
2022-07-23,98.85951311929678
2022-07-24,98.88371601540894
2022-07-25,98.90553421516772
2022-07-26,98.92628298695233
2022-07-27,98.94480175349581
2022-07-28,98.96060865330737
2022-07-29,98.97489262997867
2022-07-30,99.00136434559933
2022-07-31,99.03814752904664
2022-08-01,99.08863428306947
2022-08-02,99.07892499855643
2022-08-03,99.06603043495028
2022-08-04,99.04981867387393
2022-08-05,99.02988559735724
2022-08-06,99.00503773644905
2022-08-07,98.97866775267478
2022-08-08,98.9457349869135
2022-08-09,98.91123354099467
2022-08-10,98.87068812578129
2022-08-11,98.82449931142007
2022-08-12,98.77464178472974
2022-08-13,98.72272861417986
2022-08-14,98.66301488642519
2022-08-15,98.5968518718861
2022-08-16,98.56105634877636
2022-08-17,98.55432751196629
2022-08-18,98.54387957468451
2022-08-19,98.52691800003618
2022-08-20,98.50472790333644
2022-08-21,98.47713308523787
2022-08-22,98.44514054207714
2022-08-23,98.40483206611513
2022-08-24,98.36219183886618
2022-08-25,98.3116956352482
2022-08-26,98.25518773423191
2022-08-27,98.19256542363786
2022-08-28,98.12374971578011
2022-08-29,98.0494756119015
2022-08-30,97.9663396534436
2022-08-31,97.87939151352892
2022-09-01,97.78481729834093
2022-09-02,97.68362486779337
2022-09-03,97.5763368952377
2022-09-04,97.46212160731584
2022-09-05,97.3404450642416
2022-09-06,97.21135718068108
2022-09-07,97.07585740363977
2022-09-08,96.93364529705674
2022-09-09,96.78395884759166
2022-09-10,96.62718223492341
2022-09-11,96.463265373654
2022-09-12,96.29175677688539
2022-09-13,96.11329934567404
2022-09-14,95.92753474113834
2022-09-15,95.73446343003677
2022-09-16,95.5017864897333
2022-09-17,95.25464263398466
2022-09-18,95.00375422821146
2022-09-19,94.74689855976241
2022-09-20,94.4806542381721
2022-09-21,94.20644401220389
2022-09-22,93.92702255869047
2022-09-23,93.63815489990333
2022-09-24,93.34156301732607
2022-09-25,93.03683239575298
2022-09-26,92.725899747985
2022-09-27,92.40759528296512
2022-09-28,92.08131163036266
2022-09-29,91.7488661420099
2022-09-30,91.41376401926254
2022-10-01,91.06724807973949
2022-10-02,90.71089997773295
2022-10-03,90.35257894851429
2022-10-04,89.98650096123814
2022-10-05,89.61622821937975
2022-10-06,89.23407021990202
2022-10-07,88.85184149767626
2022-10-08,88.46374028324274
2022-10-09,88.0612981807979
2022-10-10,87.6634644553269
2022-10-11,87.25534655008872
2022-10-12,86.84551742049523
2022-10-13,86.42742330217933
2022-10-14,86.00667236195207
2022-10-15,85.57962275099229
2022-10-16,85.17225549952762
2022-10-17,84.78846773308273
2022-10-18,84.39493601386424
2022-10-19,83.99941967106318
2022-10-20,83.60296041900378
2022-10-21,83.2094148226547
2022-10-22,82.80697326607479
2022-10-23,82.40223817790141
2022-10-24,81.99554305213972
2022-10-25,81.58920370848584
2022-10-26,81.18236874904723
2022-10-27,80.76789283000666
2022-10-28,80.35501871536016
2022-10-29,79.94552270688946
2022-10-30,79.53291772971416
2022-10-31,79.1199213640596
2022-11-01,78.70770357707342
2022-11-02,78.2987626817693
2022-11-03,77.88852772937938
2022-11-04,77.48285609084941
2022-11-05,77.07603029462597
2022-11-06,76.67364213582775
2022-11-07,76.27138310088714
2022-11-08,75.87197524026661
2022-11-09,75.47491680027527
2022-11-10,75.08201286240106
2022-11-11,74.69306436220275
2022-11-12,74.31098031546937
2022-11-13,73.93383716989777
2022-11-14,73.55450459903783
2022-11-15,73.18379734346536
2022-11-16,72.79795716782273
2022-11-17,72.42442900743131
2022-11-18,72.05097272883671
2022-11-19,71.68407009142894
2022-11-20,71.32709152935591
2022-11-21,70.9743796989434
2022-11-22,70.63215020179877
2022-11-23,70.29132811923805
2022-11-24,69.966037076453
2022-11-25,69.64592852122887
2022-11-26,69.33493316627329
2022-11-27,69.03661441773264
2022-11-28,68.7481098100422
2022-11-29,68.46650563018945
2022-11-30,68.19501959359208
2022-12-01,67.93716534563646
2022-12-02,67.68297649855384
2022-12-03,67.44405415357976
2022-12-04,67.21656826447347
2022-12-05,67.00075826762676
2022-12-06,66.80073610192385
2022-12-07,66.61169773578956
2022-12-08,66.43175174911205
2022-12-09,66.26428672132602
2022-12-10,66.10946666192989
2022-12-11,65.96428219674344
2022-12-12,65.83524254568547
2022-12-13,65.71895869898626
2022-12-14,65.61175145438408
2022-12-15,65.5262895602866
2022-12-16,65.41223679297057
2022-12-17,65.27705889500164
2022-12-18,65.15243199012659
2022-12-19,65.04781966870922
2022-12-20,64.94634004471574
2022-12-21,64.86588378537427
2022-12-22,64.7993086642131
2022-12-23,64.74661325204396
2022-12-24,64.70449151587053
2022-12-25,64.67857063748899
2022-12-26,64.66405125935785
2022-12-27,64.66655665136196
2022-12-28,64.67924910588721
2022-12-29,64.70526441185568
2022-12-30,64.74716473778071
2022-12-31,64.79989732177326
2023-01-01,64.53623387816643
2023-01-02,64.61807424432993
2023-01-03,64.70930546410322
2023-01-04,64.81285938487252
2023-01-05,64.9285228238623
2023-01-06,65.05639877454526
2023-01-07,65.19214004729922
2023-01-08,65.34430469937047
2023-01-09,65.50412767948376
2023-01-10,65.67840180170893
2023-01-11,65.86350702934098
2023-01-12,66.05938107098513
2023-01-13,66.26976737110832
2023-01-14,66.48292925730634
2023-01-15,66.70944833014526
2023-01-16,66.99158585760684
2023-01-17,67.33473472827933
2023-01-18,67.69076508899971
2023-01-19,68.05213667418552
2023-01-20,68.42176755836304
2023-01-21,68.80236090398733
2023-01-22,69.18653704515386
2023-01-23,69.5861833975029
2023-01-24,69.98459003038052
2023-01-25,70.39541902438344
2023-01-26,70.81348247298509
2023-01-27,71.2301106145596
2023-01-28,71.65172506784492
2023-01-29,72.08471396513124
2023-01-30,72.51957865883304
2023-01-31,72.96113866025323
2023-02-01,73.40289211083227
2023-02-02,73.84902998545559
2023-02-03,74.30085793756986
2023-02-04,74.75197341388095
2023-02-05,75.20621381399806
2023-02-06,75.6623236122472
2023-02-07,76.12161073977101
2023-02-08,76.58098394429983
2023-02-09,77.04373028221366
2023-02-10,77.50406647699477
2023-02-11,77.96528339086223
2023-02-12,78.4306888603922
2023-02-13,78.88907939119495
2023-02-14,79.3518760350192
2023-02-15,79.8139019769685
2023-02-16,80.26989590413861
2023-02-17,80.73053393035163
2023-02-18,81.18605796765043
2023-02-19,81.63885837096933
2023-02-20,82.09190080109242
2023-02-21,82.5421236332824
2023-02-22,82.98710297383163
2023-02-23,83.43128492588001
2023-02-24,83.81192133541816
2023-02-25,84.2076562560515
2023-02-26,84.60775041033767
2023-02-27,85.0197161124764
2023-02-28,85.42545152242708
2023-03-01,85.83393877509779
2023-03-02,86.22972675270266
2023-03-03,86.6261988845595
2023-03-04,87.01967190032177
2023-03-05,87.4104350049863
2023-03-06,87.79614544390219
2023-03-07,88.18118529202275
2023-03-08,88.55644059918426
2023-03-09,88.92608843106925
2023-03-10,89.2957122324449
2023-03-11,89.6548072790496
2023-03-12,90.01351106107282
2023-03-13,90.36118387661077
2023-03-14,90.70350286056357
2023-03-15,91.0482097885492
2023-03-16,91.29112689895173
2023-03-17,91.44640212170876
2023-03-18,91.59274984033095
2023-03-19,91.7387935426359
2023-03-20,91.88054365300589
2023-03-21,92.01764726480373
2023-03-22,92.1460720733966
2023-03-23,92.27855671906397
2023-03-24,92.39703299228351
2023-03-25,92.5112807949221
2023-03-26,92.62438641524597
2023-03-27,92.73404973403845
2023-03-28,92.83905685542089
2023-03-29,92.93395923809514
2023-03-30,93.03414490351673
2023-03-31,93.11871934659224
2023-04-01,93.20468665472443
2023-04-02,93.28605535684777
2023-04-03,93.362779394803
2023-04-04,93.43544708894198
2023-04-05,93.50314872459352
2023-04-06,93.56563259125066
2023-04-07,93.62496597977838
2023-04-08,93.68563817776663
2023-04-09,93.73025481576975
2023-04-10,93.78217271074627
2023-04-11,93.82369100520143
2023-04-12,93.86159274242115
2023-04-13,93.90098847518132
2023-04-14,93.93095796224752
2023-04-15,93.96381285883315
2023-04-16,94.07837896187199
2023-04-17,94.18995427166821
2023-04-18,94.28404612682296
2023-04-19,94.38598655719761
2023-04-20,94.48295250986274
2023-04-21,94.56950579239744
2023-04-22,94.65341167470373
2023-04-23,94.73796899080226
2023-04-24,94.81302817422596
2023-04-25,94.89028756720245
2023-04-26,94.96328945991763
2023-04-27,95.02717703936223
2023-04-28,95.08839975547123
2023-04-29,95.15100321057724
2023-04-30,95.2098212188802
2023-05-01,95.26548970353436
2023-05-02,95.3187568004628
2023-05-03,95.35823639093026
2023-05-04,95.40589039496153
2023-05-05,95.45153085755342
2023-05-06,95.49463469764777
2023-05-07,95.53415473310329
2023-05-08,95.57140434278615
2023-05-09,95.6070625616012
2023-05-10,95.64071642386831
2023-05-11,95.66731930026815
2023-05-12,95.69735452452841
2023-05-13,95.7257563247286
2023-05-14,95.74801456099262
2023-05-15,95.7727677612101
2023-05-16,95.82089758518468
2023-05-17,95.88274049408636
2023-05-18,95.95316611664502
2023-05-19,96.0130507884796
2023-05-20,96.07674686868843
2023-05-21,96.13922284305835
2023-05-22,96.20108032391947
2023-05-23,96.2624162107979
2023-05-24,96.32767617258065
2023-05-25,96.38479774781902
2023-05-26,96.44977637900028
2023-05-27,96.50534063106673
2023-05-28,96.56926656679295
2023-05-29,96.62949315700716
2023-05-30,96.69142625208663
2023-05-31,96.75573919642278
2023-06-01,96.81291770617118
2023-06-02,96.87871347282879
2023-06-03,96.9405628172601
2023-06-04,97.00397419677081
2023-06-05,97.07059642765486
2023-06-06,97.1344304835208
2023-06-07,97.20324256603038
2023-06-08,97.26922889790103
2023-06-09,97.33561087279625
2023-06-10,97.4067946505739
2023-06-11,97.4742166756655
2023-06-12,97.5469984791051
2023-06-13,97.62107067551918
2023-06-14,97.69296222042477
2023-06-15,97.76796533104853
2023-06-16,97.76815585898204
2023-06-17,97.76856547484998
2023-06-18,97.76947745711907
2023-06-19,97.77253935456629
2023-06-20,97.77578567893207
2023-06-21,97.77956685939216
2023-06-22,97.79009006497616
2023-06-23,97.79621107716657
2023-06-24,97.8026524746411
2023-06-25,97.81292674405358
2023-06-26,97.82603935775538
2023-06-27,97.83685517859158
2023-06-28,97.85038937272039
2023-06-29,97.8658549627716
2023-06-30,97.87927956897285
2023-07-01,97.89682684080398
2023-07-02,97.91053284820921
2023-07-03,97.93189670827799
2023-07-04,97.94771705181196
2023-07-05,97.96809167641962
2023-07-06,97.9885817949129
2023-07-07,98.00492069782197
2023-07-08,98.02980061804904
2023-07-09,98.04776521867839
2023-07-10,98.06927421900603
2023-07-11,98.09008773157075
2023-07-12,98.1115014693965
2023-07-13,98.13210510088248
2023-07-14,98.15347470344159
2023-07-15,98.17333717954301
2023-07-16,98.1966951109984
2023-07-17,98.22409502280173
2023-07-18,98.24920765599472
2023-07-19,98.27416039674775
2023-07-20,98.2984054469195
2023-07-21,98.32638817054809
2023-07-22,98.34745489080355
2023-07-23,98.36697784927627
2023-07-24,98.3916572705768
2023-07-25,98.41397498269293
2023-07-26,98.43529422422759
2023-07-27,98.45442009105388
2023-07-28,98.47088907167014
2023-07-29,98.48588577228861
2023-07-30,98.51306765580283
2023-07-31,98.55053780283679
2023-08-01,98.6016463450065
2023-08-02,98.59303026369994
2023-08-03,98.58123363270656
2023-08-04,98.56619909818576
2023-08-05,98.54747192442723
2023-08-06,98.52388659544009
2023-08-07,98.49881435262868
2023-08-08,98.46719778452439
2023-08-09,98.43405618318066
2023-08-10,98.39488665138259
2023-08-11,98.35010302275957
2023-08-12,98.30111542726854
2023-08-13,98.25121308972803
2023-08-14,98.19297452891804
2023-08-15,98.12833047630389
2023-08-16,98.09316813903266
2023-08-17,98.08762219038356
2023-08-18,98.07917352542025
2023-08-19,98.0635184348251
2023-08-20,98.04268935604317
2023-08-21,98.01653065066823
2023-08-22,97.98605027563455
2023-08-23,97.94732080877337
2023-08-24,97.9054159064738
2023-08-25,97.85756201695045
2023-08-26,97.80288121563417
2023-08-27,97.74216114971959
2023-08-28,97.67532715584949
2023-08-29,97.60312410186651
2023-08-30,97.52377795942884
2023-08-31,97.43633861138792
2023-09-01,97.3451312036627
2023-09-02,97.24625901447675
2023-09-03,97.14132447203822
2023-09-04,97.02950158614279
2023-09-05,96.910201996598
2023-09-06,96.78221183924764
2023-09-07,96.65029376831392
2023-09-08,96.51042665221124
2023-09-09,96.36303001733128
2023-09-10,96.20852870287642
2023-09-11,96.04688149789142
2023-09-12,95.87741871760174
2023-09-13,95.70151103189072
2023-09-14,95.51808075788931
2023-09-15,95.32737757689198
2023-09-16,95.09729550291293
2023-09-17,94.85486521650462
2023-09-18,94.60463558503507
2023-09-19,94.35059211067964
2023-09-20,94.08718271156367
2023-09-21,93.81586624282198
2023-09-22,93.53944678866023
2023-09-23,93.25372675112543
2023-09-24,92.96046379873809
2023-09-25,92.65922184432272
2023-09-26,92.35118062542786
2023-09-27,92.03634220607519
2023-09-28,91.7162834798757
2023-09-29,91.38452051076216
2023-09-30,91.05288909647791
2023-10-01,90.70994993899399
2023-10-02,90.35701406164499
2023-10-03,89.99976657683503
2023-10-04,89.63921240591404
2023-10-05,89.27216740755625
2023-10-06,88.89305274666633
2023-10-07,88.51375758540696
2023-10-08,88.12854630669626
2023-10-09,87.73474150105943
2023-10-10,87.333758997967
2023-10-11,86.92825131158101
2023-10-12,86.5209862223457
2023-10-13,86.10855691029593
2023-10-14,85.68547835247139
2023-10-15,85.26278014920753
2023-10-16,84.85779341332479
2023-10-17,84.4735251156649
2023-10-18,84.08825857515184
2023-10-19,83.69280895327908
2023-10-20,83.29765825168451
2023-10-21,82.9064785919631
2023-10-22,82.5065358362223
2023-10-23,82.10421621399024
2023-10-24,81.69997092611516
2023-10-25,81.29700187920051
2023-10-26,80.89176667328691
2023-10-27,80.4797531154072
2023-10-28,80.06932837875986
2023-10-29,79.66211775376733
2023-10-30,79.25169293682401
2023-10-31,78.84427859844097
2023-11-01,78.43045668952136
2023-11-02,78.0231335583523
2023-11-03,77.61445627005403
2023-11-04,77.20697242871114
2023-11-05,76.80426058833737
2023-11-06,76.39971996585636
2023-11-07,76.00125387078678
2023-11-08,75.6024822850414
2023-11-09,75.20955977336766
2023-11-10,74.8133461684988
2023-11-11,74.42464174929664
2023-11-12,74.04323571758962
2023-11-13,73.66259028904322
2023-11-14,73.29024205265883
2023-11-15,72.9157460880116
2023-11-16,72.52993914844443
2023-11-17,72.1500890644291
2023-11-18,71.78284363845279
2023-11-19,71.41595029898505
2023-11-20,71.05566912063873
2023-11-21,70.70594740094113
2023-11-22,70.36383856699082
2023-11-23,70.02245861013019
2023-11-24,69.6968086379163
2023-11-25,69.3763637478259
2023-11-26,69.06480640006689
2023-11-27,68.76256938131269
2023-11-28,68.47315915632976
2023-11-29,68.19367089432099
2023-11-30,67.9210074399714
2023-12-01,67.65843910076677
2023-12-02,67.4057588579418
2023-12-03,67.16494331221831
2023-12-04,66.9353817311636
2023-12-05,66.71734658222032
2023-12-06,66.51504011918433
2023-12-07,66.32032468807728
2023-12-08,66.14098772659662
2023-12-09,65.9708727946132
2023-12-10,65.81333481487641
2023-12-11,65.66538821423065
2023-12-12,65.53351766312926
2023-12-13,65.41441600057145
2023-12-14,65.30427865505689
2023-12-15,65.21578546357729
2023-12-16,65.09886241205157
2023-12-17,64.96093507384664
2023-12-18,64.83352067405075
2023-12-19,64.72607170118347
2023-12-20,64.62173998862734
2023-12-21,64.53415131409311
2023-12-22,64.46453149837104
2023-12-23,64.40871962590408
2023-12-24,64.36341945614679
2023-12-25,64.33421919270721
2023-12-26,64.320514300423
2023-12-27,64.31953597455887
2023-12-28,64.32873860377009
2023-12-29,64.35109918759905
2023-12-30,64.38931264101323
2023-12-31,64.43818559897318
2024-01-01,64.17086498036946
2024-01-02,64.2488483017321
2024-01-03,64.33623937518878
2024-01-04,64.4360811458949
2024-01-05,64.54796845676444
2024-01-06,64.67210736410388
2024-01-07,64.8075668971966
2024-01-08,64.95607865874466
2024-01-09,65.11572242418006
2024-01-10,65.28316250872507
2024-01-11,65.46475589913513
2024-01-12,65.65373074824774
2024-01-13,65.86062525154153
2024-01-14,66.07029656625987
2024-01-15,66.2932978177402
2024-01-16,66.5711975800319
2024-01-17,66.90923256362204
2024-01-18,67.26010005868207
2024-01-19,67.61952716850051
2024-01-20,67.98071773764515
2024-01-21,68.35619001064985
2024-01-22,68.73517071090149
2024-01-23,69.13227293808329
2024-01-24,69.5287313563059
2024-01-25,69.92840378060222
2024-01-26,70.33776984552897
2024-01-27,70.75300339416148
2024-01-28,71.17239719948314
2024-01-29,71.59766990725554
2024-01-30,72.03039400531961
2024-01-31,72.46125830598251
2024-02-01,72.9019269259696
2024-02-02,73.34368539800037
2024-02-03,73.79128301056608
2024-02-04,74.2384275198662
2024-02-05,74.68561895509272
2024-02-06,75.145833947925
2024-02-07,75.5968761026297
2024-02-08,76.04961442628527
2024-02-09,76.51415469085919
2024-02-10,76.96905419930769
2024-02-11,77.42610522708462
2024-02-12,77.88910033997189
2024-02-13,78.34419911128394
2024-02-14,78.80279976832772
2024-02-15,79.26245333883837
2024-02-16,79.71708643876306
2024-02-17,80.17005763554174
2024-02-18,80.6249207177942
2024-02-19,81.07609938536801
2024-02-20,81.52195584032164
2024-02-21,81.97300150509699
2024-02-22,82.41344726065402
2024-02-23,82.85461446171448
2024-02-24,83.25706833375058
2024-02-25,83.63882411006482
2024-02-26,84.03733187767718
2024-02-27,84.43720745022415
2024-02-28,84.84802391669727
2024-02-29,85.24255399266968
2024-03-01,85.64227106699215
2024-03-02,86.04123043690993
2024-03-03,86.43407411232138
2024-03-04,86.82304454608278
2024-03-05,87.20631068739227
2024-03-06,87.58616725802274
2024-03-07,87.95939986282507
2024-03-08,88.32838761074909
2024-03-09,88.69689829004444
2024-03-10,89.05478844171313
2024-03-11,89.40701977388984
2024-03-12,89.7582690746753
2024-03-13,90.10436012253697
2024-03-14,90.43927832357967
2024-03-15,90.76860487293264
2024-03-16,91.01018274502114
2024-03-17,91.16032631768302
2024-03-18,91.30633772521405
2024-03-19,91.44782682202734
2024-03-20,91.58044263297424
2024-03-21,91.7166983371335
2024-03-22,91.83951840338129
2024-03-23,91.95853640758789
2024-03-24,92.08165304707096
2024-03-25,92.1906674018641
2024-03-26,92.2994638310518
2024-03-27,92.39924955904947
2024-03-28,92.50452424353875
2024-03-29,92.5953230327124
2024-03-30,92.68611700182426
2024-03-31,92.77238191567128
2024-04-01,92.84871777440503
2024-04-02,92.93156889966849
2024-04-03,92.998279768131
2024-04-04,93.06703557900119
2024-04-05,93.13631498810963
2024-04-06,93.18968598642635
2024-04-07,93.2503957658161
2024-04-08,93.29673961711069
2024-04-09,93.34916184751252
2024-04-10,93.39184350843487
2024-04-11,93.42936464460256
2024-04-12,93.47021588741632
2024-04-13,93.50075537897568
2024-04-14,93.53342845667898
2024-04-15,93.56126612348353
2024-04-16,93.67355714265686
2024-04-17,93.76841894911142
2024-04-18,93.87105527047305
2024-04-19,93.9693364679559
2024-04-20,94.0566432156355
2024-04-21,94.14069567387017
2024-04-22,94.22598308901449
2024-04-23,94.30181584582257
2024-04-24,94.3804707865707
2024-04-25,94.44795196900955
2024-04-26,94.51838628615172
2024-04-27,94.58047606293921
2024-04-28,94.64394441677614
2024-04-29,94.7036696470172
2024-04-30,94.76024823313507
2024-05-01,94.81442970374931
2024-05-02,94.85487496343958
2024-05-03,94.90343638913639
2024-05-04,94.94996636843364
2024-05-05,94.99393768098768
2024-05-06,95.03431133961382
2024-05-07,95.07237850312731
2024-05-08,95.10880331197927
2024-05-09,95.13801673779624
2024-05-10,95.1704975860663
2024-05-11,95.20118157478267
2024-05-12,95.22512969810919
2024-05-13,95.25305657442598
2024-05-14,95.27837863056797
2024-05-15,95.30305593987829
2024-05-16,95.35060102686943
2024-05-17,95.41167138235907
2024-05-18,95.47629337723161
2024-05-19,95.54025132391115
2024-05-20,95.60280035151695
2024-05-21,95.66528806113571
2024-05-22,95.72687414984293
2024-05-23,95.78799349305001
2024-05-24,95.84902465065501
2024-05-25,95.91079814488536
2024-05-26,95.97519259926005
2024-05-27,96.03088304793302
2024-05-28,96.0950044114357
2024-05-29,96.15264044809578
2024-05-30,96.21785142667682
2024-05-31,96.27914848966205
2024-06-01,96.34027711285783
2024-06-02,96.4066033350917
2024-06-03,96.46905060216463
2024-06-04,96.53310623545256
2024-06-05,96.59996988932963
2024-06-06,96.66564749104538
2024-06-07,96.73444527631773
2024-06-08,96.7983283488858
2024-06-09,96.86836608632274
2024-06-10,96.94137249398
2024-06-11,97.00859275705936
2024-06-12,97.08232347595481
2024-06-13,97.15725899515083
2024-06-14,97.23005675625379
2024-06-15,97.30597371692207
2024-06-16,97.30745850043333
2024-06-17,97.30663308751316
2024-06-18,97.31138790123488
2024-06-19,97.31573779858766
2024-06-20,97.32028260001431
2024-06-21,97.32534665692934
2024-06-22,97.337112291311
2024-06-23,97.34448111166763
2024-06-24,97.35213916684216
2024-06-25,97.36409828145257
2024-06-26,97.37763162485426
2024-06-27,97.38981211460093
2024-06-28,97.40441690026586
2024-06-29,97.42090497073617
2024-06-30,97.43860247162502
2024-07-01,97.45372454836613
2024-07-02,97.46827457203581
2024-07-03,97.49038567812423
2024-07-04,97.50689923115517
2024-07-05,97.53157826741793
2024-07-06,97.54888323700321
2024-07-07,97.56613158962861
2024-07-08,97.59083321182867
2024-07-09,97.6090388895955
2024-07-10,97.63069637122572
2024-07-11,97.65157962426339
2024-07-12,97.67297006562727
2024-07-13,97.69398266301671
2024-07-14,97.71462102554067
2024-07-15,97.73422266913364
2024-07-16,97.75720609067176
2024-07-17,97.78410727077942
2024-07-18,97.80867225728586
2024-07-19,97.83883565038687
2024-07-20,97.8564643464869
2024-07-21,97.88322412997438
2024-07-22,97.9037739169067
2024-07-23,97.92202787081993
2024-07-24,97.94559633522249
2024-07-25,97.96789518593265
2024-07-26,97.98694027188398
2024-07-27,98.00403998309851
2024-07-28,98.01955624410512
2024-07-29,98.040425955769
2024-07-30,98.05817403152699
2024-07-31,98.09467738029177
2024-08-01,98.14256065326514
2024-08-02,98.1317164188008
2024-08-03,98.11762851375742
2024-08-04,98.10009950780073
2024-08-05,98.07883571033206
2024-08-06,98.0537708985777
2024-08-07,98.02471519665417
2024-08-08,97.99152446901107
2024-08-09,97.95412812576448
2024-08-10,97.9108003486934
2024-08-11,97.86335586134072
2024-08-12,97.81369490314181
2024-08-13,97.75850746112259
2024-08-14,97.69691995354812
2024-08-15,97.62830334858457
2024-08-16,97.59093573812406
2024-08-17,97.58306422796132
2024-08-18,97.56880170785873
2024-08-19,97.54941732986039
2024-08-20,97.52478212776484
2024-08-21,97.49590055855467
2024-08-22,97.45880296726135
2024-08-23,97.41946359667722
2024-08-24,97.37238006355443
2024-08-25,97.31940784928301
2024-08-26,97.26038943288752
2024-08-27,97.19525193511332
2024-08-28,97.12473917459538
2024-08-29,97.04708129220558
2024-08-30,96.96244248784826
2024-08-31,96.8718405455106
2024-09-01,96.77468352263288
2024-09-02,96.67149829873583
2024-09-03,96.5614962230934
2024-09-04,96.44404892383704
2024-09-05,96.31920783652032
2024-09-06,96.18800244757138
2024-09-07,96.05020343863158
2024-09-08,95.90491346449812
2024-09-09,95.75259717546722
2024-09-10,95.59321624850105
2024-09-11,95.42614844107085
2024-09-12,95.25267138636671
2024-09-13,95.07178007669148
2024-09-14,94.88515805773986
2024-09-15,94.68979700072337
2024-09-16,94.45405512570568
2024-09-17,94.20498086947688
2024-09-18,93.95250593411247
2024-09-19,93.69404862131175
2024-09-20,93.42596998626361
2024-09-21,93.15100011878198
2024-09-22,92.8703196860901
2024-09-23,92.58020859427583
2024-09-24,92.28220445993861
2024-09-25,91.97697136936513
2024-09-26,91.66512568737858
2024-09-27,91.34790392731539
2024-09-28,91.01893677793647
2024-09-29,90.68792303314778
2024-09-30,90.34996162127268
2024-10-01,90.00024194386705
2024-10-02,89.6457539423428
2024-10-03,89.2874502783505
2024-10-04,88.9209473507008
2024-10-05,88.5476264769259
2024-10-06,88.17055775016688
2024-10-07,87.7883020991103
2024-10-08,87.3975797656267
2024-10-09,86.99787077724127
2024-10-10,86.59716830287411
2024-10-11,86.19041148745926
2024-10-12,85.78122442011174
2024-10-13,85.36404856038995
2024-10-14,84.94460506260067
2024-10-15,84.51857195082535
2024-10-16,84.11581774324576
2024-10-17,83.72738435746759
2024-10-18,83.3378375875669
2024-10-19,82.94530764213663
2024-10-20,82.55664561752504
2024-10-21,82.15925140299811
2024-10-22,81.75914375101416
2024-10-23,81.35694196004812
2024-10-24,80.9558417307697
2024-10-25,80.54903215746691
2024-10-26,80.14194398525993
2024-10-27,79.73301234455374
2024-10-28,79.32711528042607
2024-10-29,78.9209202999689
2024-10-30,78.50830176577651
2024-10-31,78.09906903069638
2024-11-01,77.69277844708033
2024-11-02,77.2852251406861
2024-11-03,76.88178562872064
2024-11-04,76.47699031450097
2024-11-05,76.07654212966987
2024-11-06,75.6759302737487
2024-11-07,75.27754196477687
2024-11-08,74.88249534605622
2024-11-09,74.49079447234334
2024-11-10,74.10601625542341
2024-11-11,73.721799802758
2024-11-12,73.34560324587474
2024-11-13,72.96723123057282
2024-11-14,72.59704959971212
2024-11-15,72.23291612518095
2024-11-16,71.85979647418473
2024-11-17,71.4866058508445
2024-11-18,71.11984578534542
2024-11-19,70.76269517728764
2024-11-20,70.40948641153436
2024-11-21,70.06685531716094
2024-11-22,69.72469010197985
2024-11-23,69.39811655218385
2024-11-24,69.07666847397415
2024-11-25,68.76384052872721
2024-11-26,68.46338928836795
2024-11-27,68.17249101905222
2024-11-28,67.8881387239138
2024-11-29,67.61396038686648
2024-11-30,67.35288099193399
2024-12-01,67.09521999205565
2024-12-02,66.85252857286132
2024-12-03,66.62102965068105
2024-12-04,66.40097325474389
2024-12-05,66.19257167551126
2024-12-06,66.00295858289711
2024-12-07,65.81821546049154
2024-12-08,65.64580574757117
2024-12-09,65.48589946300945
2024-12-10,65.3386611867989
2024-12-11,65.20110726061289
2024-12-12,65.07946057371579
2024-12-13,64.96660079789349
2024-12-14,64.87106851414939
2024-12-15,64.79297496533854
2024-12-16,64.6866017442998
2024-12-17,64.55934726762112
2024-12-18,64.44249314764143
2024-12-19,64.34542008672173
2024-12-20,64.25136250714877
2024-12-21,64.17826613074196
2024-12-22,64.11890204118703
2024-12-23,64.07327192441555
2024-12-24,64.03394707254141
2024-12-25,64.0157112048156
2024-12-26,64.01109758344278
2024-12-27,64.02004816015786
2024-12-28,64.03886431580221
2024-12-29,64.07098618036056
2024-12-30,64.11544479891431
2024-12-31,64.17387530922186
2025-01-01,63.95723899826001
2025-01-02,64.04207077372035
2025-01-03,64.1427525547561
2025-01-04,64.25201657713134
2025-01-05,64.37348185855654
2025-01-06,64.5069149559794
2025-01-07,64.64521720039731
2025-01-08,64.80203513920847
2025-01-09,64.97010019431566
2025-01-10,65.14879474534723
2025-01-11,65.34222990190719
2025-01-12,65.53877081823521
2025-01-13,65.74883627817971
2025-01-14,65.96883008392068
2025-01-15,66.19895208663858
2025-01-16,66.48274372555782
2025-01-17,66.82409463815998
2025-01-18,67.18132507147894
2025-01-19,67.5474038415788
2025-01-20,67.92092077756624
2025-01-21,68.29798667945904
2025-01-22,68.68240990383111
2025-01-23,69.08205128013388
2025-01-24,69.48028292925703
2025-01-25,69.8848030125963
2025-01-26,70.30514920300885
2025-01-27,70.72354959214711
2025-01-28,71.14770103666056
2025-01-29,71.57319978326159
2025-01-30,72.00931668187317
2025-01-31,72.44639487746363
2025-02-01,72.88635786271963
2025-02-02,73.33299069023147
2025-02-03,73.78007839118281
2025-02-04,74.22866384279172
2025-02-05,74.68237406560712
2025-02-06,75.1355608423441
2025-02-07,75.591666204703
2025-02-08,76.0476519226534
2025-02-09,76.50460699419665
2025-02-10,76.96278927140825
2025-02-11,77.42271518109685
2025-02-12,77.87880961446294
2025-02-13,78.33457997930265
2025-02-14,78.79341324274489
2025-02-15,79.24930981367226
2025-02-16,79.69995631622744
2025-02-17,80.15350621549482
2025-02-18,80.60526429454539
2025-02-19,81.05253184903846
2025-02-20,81.499725385067
2025-02-21,81.94270290353084
2025-02-22,82.38329504058908
2025-02-23,82.82028928547818
2025-02-24,83.18252576923882
2025-02-25,83.5749373677948
2025-02-26,83.98159926089812
2025-02-27,84.380424270141
2025-02-28,84.78766555942865
2025-03-01,85.17694851323607
2025-03-02,85.57401895566967
2025-03-03,85.97050586250869
2025-03-04,86.35796799096194
2025-03-05,86.74250662614894
2025-03-06,87.12186442541162
2025-03-07,87.49533062717528
2025-03-08,87.86963105321017
2025-03-09,88.23322291424735
2025-03-10,88.59122863955648
2025-03-11,88.943584609047
2025-03-12,89.29995421573997
2025-03-13,89.64131886221188
2025-03-14,89.97642079402901
2025-03-15,90.31032640084945
2025-03-16,90.54763126737733
2025-03-17,90.69816415586307
2025-03-18,90.8437196977704
2025-03-19,90.985482754238
2025-03-20,91.11834810429494
2025-03-21,91.25493283137426
2025-03-22,91.37807882470968
2025-03-23,91.49747956769365
2025-03-24,91.62097528724985
2025-03-25,91.73047834897892
2025-03-26,91.83970782787337
2025-03-27,91.94478501470527
2025-03-28,92.04560483817913
2025-03-29,92.1368280925448
2025-03-30,92.23293852943237
2025-03-31,92.31445079561905
2025-04-01,92.39610971681513
2025-04-02,92.47400865227111
2025-04-03,92.5460359635011
2025-04-04,92.6095995598893
2025-04-05,92.67881400908712
2025-04-06,92.73213166815532
2025-04-07,92.79269035786007
2025-04-08,92.8389008546677
2025-04-09,92.89111001819066
2025-04-10,92.93362001743608
2025-04-11,92.9709440493818
2025-04-12,93.01159808531172
2025-04-13,93.04195991320472
2025-04-14,93.07340559293837
2025-04-15,93.10267733505637
2025-04-16,93.21449047146537
2025-04-17,93.30848537168275
2025-04-18,93.41071035176945
2025-04-19,93.50858694253746
2025-04-20,93.59555265703348
2025-04-21,93.67924912119783
2025-04-22,93.76412994703864
2025-04-23,93.83956361166761
2025-04-24,93.9169462444503
2025-04-25,93.99070552444806
2025-04-26,94.05471146520357
2025-04-27,94.11624431393162
2025-04-28,94.17908247072124
2025-04-29,94.2381418365798
2025-04-30,94.29398659299994
2025-05-01,94.34737667375609
2025-05-02,94.38702108093263
2025-05-03,94.43469300282268
2025-05-04,94.48028791219099
2025-05-05,94.52328663607689
2025-05-06,94.56332409724615
2025-05-07,94.60028239925845
2025-05-08,94.63511081793186
2025-05-09,94.66842691052922
2025-05-10,94.69468122143637
2025-05-11,94.72427431224533
2025-05-12,94.75218703335493
2025-05-13,94.77395363580354
2025-05-14,94.79817419256297
2025-05-15,94.82172241910199
2025-05-16,94.86774346207679
2025-05-17,94.92743834602912
2025-05-18,94.99102569608131
2025-05-19,95.05360050041688
2025-05-20,95.11474978157717
2025-05-21,95.17580385825086
2025-05-22,95.2359242101208
2025-05-23,95.29552100064804
2025-05-24,95.35904974824128
2025-05-25,95.41519012796837
2025-05-26,95.47794441481231
2025-05-27,95.53200753236935
2025-05-28,95.59440884618712
2025-05-29,95.65031474381776
2025-05-30,95.71373071402152
2025-05-31,95.77664920296041
2025-06-01,95.83252998212008
2025-06-02,95.89698476557245
2025-06-03,95.95756756983738
2025-06-04,96.01973588104586
2025-06-05,96.08469334026917
2025-06-06,96.14866933076304
2025-06-07,96.21534991254659
2025-06-08,96.27733514023451
2025-06-09,96.34544969108465
2025-06-10,96.41649628984212
2025-06-11,96.48179501633567
2025-06-12,96.55358757635766
2025-06-13,96.6265841339365
2025-06-14,96.69745758425665
2025-06-15,96.77143948765222
2025-06-16,96.77140712025577
2025-06-17,96.77161380932732
2025-06-18,96.7723273874249
2025-06-19,96.77517746310174
2025-06-20,96.77822330076197
2025-06-21,96.78179570036352
2025-06-22,96.79203790996569
2025-06-23,96.79791461974095
2025-06-24,96.80408912606826
2025-06-25,96.81454178644633
2025-06-26,96.82681428483768
2025-06-27,96.83726992721206
2025-06-28,96.85039605800097
2025-06-29,96.8654142948416
2025-06-30,96.8816619053691
2025-07-01,96.89538635867615
2025-07-02,96.90857017756095
2025-07-03,96.92930566334068
2025-07-04,96.94450793194218
2025-07-05,96.96788063664623
2025-07-06,96.98397202607794
2025-07-07,97.00006076080972
2025-07-08,97.02359095884161
2025-07-09,97.04072286781033
2025-07-10,97.06133295627208
2025-07-11,97.08122269255928
2025-07-12,97.1016700446948
2025-07-13,97.12128895607579
2025-07-14,97.14159963257158
2025-07-15,97.16041700135838
2025-07-16,97.18263974890698
2025-07-17,97.20880606943847
2025-07-18,97.23268012282709
2025-07-19,97.26138627042883
2025-07-20,97.27921891681564
2025-07-21,97.30537498985645
2025-07-22,97.32539272783627
2025-07-23,97.34316013877242
2025-07-24,97.36649147879156
2025-07-25,97.38719886186928
2025-07-26,97.40678482249496
2025-07-27,97.42357186887281
2025-07-28,97.43883402320132
2025-07-29,97.45846680711627
2025-07-30,97.47708852352054
2025-07-31,97.51339847965112
2025-08-01,97.56106968849117
2025-08-02,97.55047112681271
2025-08-03,97.53671670479349
2025-08-04,97.51964215747421
2025-08-05,97.49890533622711
2025-08-06,97.47448451917411
2025-08-07,97.44614988592117
2025-08-08,97.41378800829868
2025-08-09,97.377310112213
2025-08-10,97.33611032063348
2025-08-11,97.28815864435992
2025-08-12,97.24019830472723
2025-08-13,97.1862905371689
2025-08-14,97.1260333953267
2025-08-15,97.05882248696054
2025-08-16,97.02265587873096
2025-08-17,97.0158062822005
2025-08-18,97.00260634885841
2025-08-19,96.98431642406513
2025-08-20,96.96083275678839
2025-08-21,96.93317086847219
2025-08-22,96.89734663029536
2025-08-23,96.85844222984059
2025-08-24,96.81367970488145
2025-08-25,96.76222285888103
2025-08-26,96.70482696964214
2025-08-27,96.64141064585128
2025-08-28,96.57190318068491
2025-08-29,96.49701066378589
2025-08-30,96.41337601776787
2025-08-31,96.32602436392455
2025-09-01,96.2311605631446
2025-09-02,96.12978169153227
2025-09-03,96.02235773484428
2025-09-04,95.90814539292167
2025-09-05,95.78657016545334
2025-09-06,95.65770533027693
2025-09-07,95.52288611061113
2025-09-08,95.38062086799414
2025-09-09,95.23139483679418
2025-09-10,95.07515267430213
2025-09-11,94.91318690553065
2025-09-12,94.74100153954745
2025-09-13,94.56331895084641
2025-09-14,94.37840128027999
2025-09-15,94.18772597212039
2025-09-16,93.95536632379063
2025-09-17,93.70971889295106
2025-09-18,93.4606491696984
2025-09-19,93.20566086943036
2025-09-20,92.94319558339345
2025-09-21,92.66957241632808
2025-09-22,92.39248512490639
2025-09-23,92.1061019734514
2025-09-24,91.80994560553793
2025-09-25,91.51043657475765
2025-09-26,91.20255517113333
2025-09-27,90.8894003516343
2025-09-28,90.56455635446368
2025-09-29,90.23775606051355
2025-09-30,89.90420302792869
2025-10-01,89.56150155873463
2025-10-02,89.20890177337184
2025-10-03,88.85515029997845
2025-10-04,88.49337323004131
2025-10-05,88.12472819127827
2025-10-06,87.74994440364003
2025-10-07,87.37477209069121
2025-10-08,86.98888349221883
2025-10-09,86.5913208078319
2025-10-10,86.19764366906624
2025-10-11,85.79536689553468
2025-10-12,85.39062747823596
2025-10-13,84.9776918708549
2025-10-14,84.56232282207522
2025-10-15,84.137611523007
2025-10-16,83.73857694112208
2025-10-17,83.35968179373462
2025-10-18,82.97043481283214
2025-10-19,82.58128633165087
2025-10-20,82.19598154822877
2025-10-21,81.80213989481821
2025-10-22,81.40541718989526
2025-10-23,81.00661234841826
2025-10-24,80.60890345565029
2025-10-25,80.20880589255282
2025-10-26,79.80193838765953
2025-10-27,79.39735345947238
2025-10-28,78.99403720380971
2025-10-29,78.5883007501878
2025-10-30,78.18554821140097
2025-10-31,77.77644367990645
2025-11-01,77.37352011573199
2025-11-02,76.96942346669856
2025-11-03,76.56928650921326
2025-11-04,76.1677300689873
2025-11-05,75.76741315327143
2025-11-06,75.37282941785803
2025-11-07,74.97778353717591
2025-11-08,74.58492085627282
2025-11-09,74.1956313583485
2025-11-10,73.80994900190097
2025-11-11,73.43132480195257
2025-11-12,73.05640955320402
2025-11-13,72.67975093968872
2025-11-14,72.31096546121837
2025-11-15,71.94809545792137
2025-11-16,71.56998728096814
2025-11-17,71.20413629428617
2025-11-18,70.83846826371223
2025-11-19,70.47925660660049
2025-11-20,70.13008286348666
2025-11-21,69.7883302454612
2025-11-22,69.44693661083184
2025-11-23,69.12104118476304
2025-11-24,68.80030336435455
2025-11-25,68.4880104531012
2025-11-26,68.18483316180827
2025-11-27,67.89745482894925
2025-11-28,67.61338347636266
2025-11-29,67.33939806511253
2025-11-30,67.07531473287673
2025-12-01,66.82082477482133
2025-12-02,66.57798946298178
2025-12-03,66.34620419385767
2025-12-04,66.12569931129823
2025-12-05,65.91669729727208
2025-12-06,65.7231495535059
2025-12-07,65.5405572246644
2025-12-08,65.3669554094818
2025-12-09,65.2056799206231
2025-12-10,65.05691937302186
2025-12-11,64.91770623465891
2025-12-12,64.79436371063166
2025-12-13,64.67963954050917
2025-12-14,64.58214987204965
2025-12-15,64.50202416012714
2025-12-16,64.39377671207544
2025-12-17,64.26477241422045
2025-12-18,64.14618424049203
2025-12-19,64.04726957616374
2025-12-20,63.95142413152482
2025-12-21,63.87638230996637
2025-12-22,63.81501256409756
2025-12-23,63.7673112797416
2025-12-24,63.73001875737706
2025-12-25,63.70867516420848
2025-12-26,63.69852777781806
2025-12-27,63.70511594129831
2025-12-28,63.721588088963955
2025-12-29,63.75121127027724
2025-12-30,63.79312211721477
2025-12-31,63.852226051849264
2026-01-01,63.59115075869566
2026-01-02,63.6754409677497
2026-01-03,63.76890098047523
2026-01-04,63.874277095832106
2026-01-05,63.99172189961124
2026-01-06,64.12111446675628
2026-01-07,64.25872538494387
2026-01-08,64.40818604074798
2026-01-09,64.5723282174223
2026-01-10,64.74719897980589
2026-01-11,64.93282555836753
2026-01-12,65.13298443097024
2026-01-13,65.33608081420816
2026-01-14,65.55253067092941
2026-01-15,65.77856255915466
2026-01-16,66.05942819064738
2026-01-17,66.40022796846307
2026-01-18,66.75035492198191
2026-01-19,67.11209932056703
2026-01-20,67.4824237676583
2026-01-21,67.8557161968606
2026-01-22,68.23635468904065
2026-01-23,68.63212405593684
2026-01-24,69.02652799393101
2026-01-25,69.43014620727766
2026-01-26,69.8465664318066
2026-01-27,70.25830437925583
2026-01-28,70.67855498155171
2026-01-29,71.10285126302053
2026-01-30,71.532390783622
2026-01-31,71.9682852104125
2026-02-01,72.40440172895303
2026-02-02,72.84475126201852
2026-02-03,73.2882169057309
2026-02-04,73.73568239428094
2026-02-05,74.18372495988976
2026-02-06,74.63367938322321
2026-02-07,75.08671748236272
2026-02-08,75.5398071099573
2026-02-09,75.9940429575979
2026-02-10,76.44987164506801
2026-02-11,76.90452599395371
2026-02-12,77.36322886389598
2026-02-13,77.81493703419879
2026-02-14,78.26903280608212
2026-02-15,78.72581853885676
2026-02-16,79.1747138363624
2026-02-17,79.62814841111017
2026-02-18,80.07644788342536
2026-02-19,80.52196495804384
2026-02-20,80.96750688750318
2026-02-21,81.41026210698237
2026-02-22,81.8476766558756
2026-02-23,82.28429066579447
2026-02-24,82.65167789693777
2026-02-25,83.03914490288871
2026-02-26,83.43977417989437
2026-02-27,83.8369939122518
2026-02-28,84.24264130270247
2026-03-01,84.63754681337724
2026-03-02,85.02612046103674
2026-03-03,85.42113704948662
2026-03-04,85.80729382116266
2026-03-05,86.18978781796964
2026-03-06,86.56911005268543
2026-03-07,86.94168230909446
2026-03-08,87.31518799946026
2026-03-09,87.67827522438022
2026-03-10,88.0354429180274
2026-03-11,88.3926428291872
2026-03-12,88.7439505216554
2026-03-13,89.08530145243633
2026-03-14,89.4208455343399
2026-03-15,89.75435040056277
2026-03-16,89.9964271406851
2026-03-17,90.14794114597105
2026-03-18,90.28998605101683
2026-03-19,90.43260400052596
2026-03-20,90.56637363573067
2026-03-21,90.70385423033008
2026-03-22,90.82783057997122
2026-03-23,90.95266310203105
2026-03-24,91.07226527286032
