date,energy_wh,energy_kwh
2020-02-02,41940.0,41.94
2020-02-03,56394.0,56.394
2020-02-04,45649.0,45.649
2020-02-05,68255.0,68.255
2020-02-06,68111.0,68.111
2020-02-07,21003.0,21.003
2020-02-08,17451.0,17.451
2020-02-09,29720.0,29.72
2020-02-10,27242.0,27.242
2020-02-11,46176.0,46.176
2020-02-12,71054.0,71.054
2020-02-13,72263.0,72.263
2020-02-14,54444.0,54.444
2020-02-15,72766.0,72.766
2020-02-16,43780.0,43.78
2020-02-17,68976.0,68.976
2020-02-18,64966.0,64.966
2020-02-19,28056.0,28.056
2020-02-20,50144.0,50.144
2020-02-21,75383.0,75.383
2020-02-22,52508.0,52.508
2020-02-23,56171.0,56.171
2020-02-24,62454.0,62.454
2020-02-25,49245.0,49.245
2020-02-26,59297.0,59.297
2020-02-27,77172.0,77.172
2020-02-28,82111.0,82.111
2020-02-29,53542.0,53.542
2020-03-01,41750.0,41.75
2020-03-02,50384.0,50.384
2020-03-03,84963.0,84.963
2020-03-04,86333.0,86.333
2020-03-05,81461.0,81.461
2020-03-06,25700.0,25.7
2020-03-07,58398.0,58.398
2020-03-08,87456.0,87.456
2020-03-09,73865.0,73.865
2020-03-10,73570.0,73.57
2020-03-11,75159.0,75.159
2020-03-12,34811.0,34.811
2020-03-13,20000.0,20.0
2020-03-14,43079.0,43.079
2020-03-15,79214.0,79.214
2020-03-16,86710.0,86.71
2020-03-17,50193.0,50.193
2020-03-18,47448.0,47.448
2020-03-19,69468.0,69.468
2020-03-20,26989.0,26.989
2020-03-21,62738.0,62.738
2020-03-22,72600.0,72.6
2020-03-23,90075.0,90.075
2020-03-24,92355.0,92.355
2020-03-25,83153.0,83.153
2020-03-26,79247.0,79.247
2020-03-27,84549.0,84.549
2020-03-28,66519.0,66.519
2020-03-29,94478.0,94.478
2020-03-30,85413.0,85.413
2020-03-31,58688.0,58.688
2020-04-01,64283.0,64.283
2020-04-02,83253.0,83.253
2020-04-03,91461.0,91.461
2020-04-04,93443.0,93.443
2020-04-05,57035.0,57.035
2020-04-06,86038.0,86.038
2020-04-07,86311.0,86.311
2020-04-08,70833.0,70.833
2020-04-09,74162.0,74.162
2020-04-10,43506.0,43.506
2020-04-11,51727.0,51.727
2020-04-12,99235.0,99.235
2020-04-13,100963.0,100.963
2020-04-14,90659.0,90.659
2020-04-15,92937.0,92.937
2020-04-16,93970.0,93.97
2020-04-17,70569.0,70.569
2020-04-18,94967.0,94.967
2020-04-19,81853.0,81.853
2020-04-20,92060.0,92.06
2020-04-21,90253.0,90.253
2020-04-22,94054.0,94.054
2020-04-23,99694.0,99.694
2020-04-24,55456.0,55.456
2020-04-25,62087.0,62.087
2020-04-26,80811.0,80.811
2020-04-27,87150.0,87.15
2020-04-28,95793.0,95.793
2020-04-29,90843.0,90.843
2020-04-30,98183.0,98.183
2020-05-01,96362.0,96.362
2020-05-02,98829.0,98.829
2020-05-03,89029.0,89.029
2020-05-04,96306.0,96.306
2020-05-05,67423.0,67.423
2020-05-06,78318.0,78.318
2020-05-07,108485.0,108.485
2020-05-08,104960.0,104.96
2020-05-09,93031.0,93.031
2020-05-10,107792.0,107.792
2020-05-11,97836.0,97.836
2020-05-12,104328.0,104.328
2020-05-13,93224.0,93.224
2020-05-14,80770.0,80.77
2020-05-15,77063.0,77.063
2020-05-16,95054.0,95.054
2020-05-17,99709.0,99.709
2020-05-18,97003.0,97.003
2020-05-19,102480.0,102.48
2020-05-20,94698.0,94.698
2020-05-21,102569.0,102.569
2020-05-22,100892.0,100.892
2020-05-23,93484.0,93.484
2020-05-24,88240.0,88.24
2020-05-25,106268.0,106.268
2020-05-26,106520.0,106.52
2020-05-27,105765.0,105.765
2020-05-28,99237.0,99.237
2020-05-29,103577.0,103.577
2020-05-30,108772.0,108.772
2020-05-31,107768.0,107.768
2020-06-01,104715.0,104.715
2020-06-02,103822.0,103.822
2020-06-03,105624.0,105.624
2020-06-04,95624.0,95.624
2020-06-05,101926.0,101.926
2020-06-06,102147.0,102.147
2020-06-07,101260.0,101.26
2020-06-08,99541.0,99.541
2020-06-09,103941.0,103.941
2020-06-10,103532.0,103.532
2020-06-11,103948.0,103.948
2020-06-12,102759.0,102.759
2020-06-13,99231.0,99.231
2020-06-14,102958.0,102.958
2020-06-15,104647.0,104.647
2020-06-16,103554.0,103.554
2020-06-17,99210.0,99.21
2020-06-18,95173.0,95.173
2020-06-19,97814.0,97.814
2020-06-20,88457.0,88.457
2020-06-21,93394.0,93.394
2020-06-22,99178.0,99.178
2020-06-23,104278.0,104.278
2020-06-24,104027.0,104.027
2020-06-25,100084.0,100.084
2020-06-26,102933.0,102.933
2020-06-27,100207.0,100.207
2020-06-28,100271.0,100.271
2020-06-29,100203.0,100.203
2020-06-30,100081.0,100.081
2020-07-01,99575.0,99.575
2020-07-02,99793.0,99.793
2020-07-03,97943.0,97.943
2020-07-04,97661.0,97.661
2020-07-05,96851.0,96.851
2020-07-06,92986.0,92.986
2020-07-07,96617.0,96.617
2020-07-08,96364.0,96.364
2020-07-09,90533.0,90.533
2020-07-10,94558.0,94.558
2020-07-11,96451.0,96.451
2020-07-12,92461.0,92.461
2020-07-13,94140.0,94.14
2020-07-14,95276.0,95.276
2020-07-15,94430.0,94.43
2020-07-16,94252.0,94.252
2020-07-17,93319.0,93.319
2020-07-18,92861.0,92.861
2020-07-19,91735.0,91.735
2020-07-20,89792.0,89.792
2020-07-21,90175.0,90.175
2020-07-22,89919.0,89.919
2020-07-23,89591.0,89.591
2020-07-24,93528.0,93.528
2020-07-25,91530.0,91.53
2020-07-26,85308.0,85.308
2020-07-27,82226.0,82.226
2020-07-28,82058.0,82.058
2020-07-29,83678.0,83.678
2020-07-30,85567.0,85.567
2020-07-31,86643.0,86.643
2020-08-01,87797.0,87.797
2020-08-02,90086.0,90.086
2020-08-03,86476.0,86.476
2020-08-04,87240.0,87.24
2020-08-05,83877.0,83.877
2020-08-06,86356.0,86.356
2020-08-07,86780.0,86.78
2020-08-08,81342.0,81.342
2020-08-09,83165.0,83.165
2020-08-10,81413.0,81.413
2020-08-11,78980.0,78.98
2020-08-12,67559.0,67.559
2020-08-13,82577.0,82.577
2020-08-14,81978.0,81.978
2020-08-15,82851.0,82.851
2020-08-16,83222.0,83.222
2020-08-17,81611.0,81.611
2020-08-18,82504.0,82.504
2020-08-19,80886.0,80.886
2020-08-20,82802.0,82.802
2020-08-21,81980.0,81.98
2020-08-22,79502.0,79.502
2020-08-23,79334.0,79.334
2020-08-24,82600.0,82.6
2020-08-25,80658.0,80.658
2020-08-26,81518.0,81.518
2020-08-27,81152.0,81.152
2020-08-28,79099.0,79.099
2020-08-29,76476.0,76.476
2020-08-30,73339.0,73.339
2020-08-31,70983.0,70.983
2020-09-01,68396.0,68.396
2020-09-02,74489.0,74.489
2020-09-03,69852.0,69.852
2020-09-04,83038.0,83.038
2020-09-05,82939.0,82.939
2020-09-06,83615.0,83.615
2020-09-07,83013.0,83.013
2020-09-08,80419.0,80.419
2020-09-09,80778.0,80.778
2020-09-10,76926.0,76.926
2020-09-11,78421.0,78.421
2020-09-12,79299.0,79.299
2020-09-13,83316.0,83.316
2020-09-14,81475.0,81.475
2020-09-15,78255.0,78.255
2020-09-16,76405.0,76.405
2020-09-17,76739.0,76.739
2020-09-18,73658.0,73.658
2020-09-19,74480.0,74.48
2020-09-20,75835.0,75.835
2020-09-21,75703.0,75.703
2020-09-22,76787.0,76.787
2020-09-23,70631.0,70.631
2020-09-24,76388.0,76.388
2020-09-25,71803.0,71.803
2020-09-26,73075.0,73.075
2020-09-27,75980.0,75.98
2020-09-28,73254.0,73.254
2020-09-29,71780.0,71.78
2020-09-30,71870.0,71.87
2020-10-01,70828.0,70.828
2020-10-02,73275.0,73.275
2020-10-03,73818.0,73.818
2020-10-04,66153.0,66.153
2020-10-05,69786.0,69.786
2020-10-06,68869.0,68.869
2020-10-07,67850.0,67.85
2020-10-08,65493.0,65.493
2020-10-09,60732.0,60.732
2020-10-10,62283.0,62.283
2020-10-11,73348.0,73.348
2020-10-12,72049.0,72.049
2020-10-13,75387.0,75.387
2020-10-14,73599.0,73.599
2020-10-15,73224.0,73.224
2020-10-16,73540.0,73.54
2020-10-17,72012.0,72.012
2020-10-18,68574.0,68.574
2020-10-19,66077.0,66.077
2020-10-20,61681.0,61.681
2020-10-21,66432.0,66.432
2020-10-22,64452.0,64.452
2020-10-23,65009.0,65.009
2020-10-24,63601.0,63.601
2020-10-25,49671.0,49.671
2020-10-26,61061.0,61.061
2020-10-27,58155.0,58.155
2020-10-28,56794.0,56.794
2020-10-29,55495.0,55.495
2020-10-30,54358.0,54.358
2020-10-31,53053.0,53.053
2020-11-01,43824.0,43.824
2020-11-02,48965.0,48.965
2020-11-03,41713.0,41.713
2020-11-04,51679.0,51.679
2020-11-05,16582.0,16.582
2020-11-06,61630.0,61.63
2020-11-07,51891.0,51.891
2020-11-08,54443.0,54.443
2020-11-09,55761.0,55.761
2020-11-10,54652.0,54.652
2020-11-11,51008.0,51.008
2020-11-12,54854.0,54.854
2020-11-13,57054.0,57.054
2020-11-14,54848.0,54.848
2020-11-15,34052.0,34.052
2020-11-16,58976.0,58.976
2020-11-17,58383.0,58.383
2020-11-18,58749.0,58.749
2020-11-19,55570.0,55.57
2020-11-20,36048.0,36.048
2020-11-21,55447.0,55.447
2020-11-22,51832.0,51.832
2020-11-23,50881.0,50.881
2020-11-24,40896.0,40.896
2020-11-25,43786.0,43.786
2020-11-26,29114.0,29.114
2020-11-27,51948.0,51.948
2020-11-28,39909.0,39.909
2020-11-29,52682.0,52.682
2020-11-30,52367.0,52.367
2020-12-01,52188.0,52.188
2020-12-02,50286.0,50.286
2020-12-03,51493.0,51.493
2020-12-04,46616.0,46.616
2020-12-05,32468.0,32.468
2020-12-06,41523.0,41.523
2020-12-07,28181.0,28.181
2020-12-08,43117.0,43.117
2020-12-09,46883.0,46.883
2020-12-10,50486.0,50.486
2020-12-11,48835.0,48.835
2020-12-12,32316.0,32.316
2020-12-13,36892.0,36.892
2020-12-14,36557.0,36.557
2020-12-15,34604.0,34.604
2020-12-16,17143.0,17.143
2020-12-17,17073.0,17.073
2020-12-18,45962.0,45.962
2020-12-19,51801.0,51.801
2020-12-20,50853.0,50.853
2020-12-21,50315.0,50.315
2020-12-22,44456.0,44.456
2020-12-23,29163.0,29.163
2020-12-24,48671.0,48.671
2020-12-25,52254.0,52.254
2020-12-26,51187.0,51.187
2020-12-27,52037.0,52.037
2020-12-28,46260.0,46.26
2020-12-29,50220.0,50.22
2020-12-30,51078.0,51.078
2020-12-31,48497.0,48.497
2021-01-01,47544.0,47.544
2021-01-02,44169.0,44.169
2021-01-03,48781.0,48.781
2021-01-04,51215.0,51.215
2021-01-05,47963.0,47.963
2021-01-06,45980.0,45.98
2021-01-07,48792.0,48.792
2021-01-08,53539.0,53.539
2021-01-09,49741.0,49.741
2021-01-10,46005.0,46.005
2021-01-11,52959.0,52.959
2021-01-12,52793.0,52.793
2021-01-13,25952.0,25.952
2021-01-14,46977.0,46.977
2021-01-15,32030.0,32.03
2021-01-16,37285.0,37.285
2021-01-17,39661.0,39.661
2021-01-18,18808.0,18.808
2021-01-19,48044.0,48.044
2021-01-20,23325.0,23.325
2021-01-21,62683.0,62.683
2021-01-22,65734.0,65.734
2021-01-23,64985.0,64.985
2021-01-24,63135.0,63.135
2021-01-25,61146.0,61.146
2021-01-26,57002.0,57.002
2021-01-27,58997.0,58.997
2021-01-28,49675.0,49.675
2021-01-29,20448.0,20.448
2021-01-30,61675.0,61.675
2021-01-31,64763.0,64.763
2021-02-01,66254.0,66.254
2021-02-02,59865.0,59.865
2021-02-03,62297.0,62.297
2021-02-04,37984.0,37.984
2021-02-05,30333.0,30.333
2021-02-06,54232.0,54.232
2021-02-07,69198.0,69.198
2021-02-08,68239.0,68.239
2021-02-09,60454.0,60.454
2021-02-10,70661.0,70.661
2021-02-11,73505.0,73.505
2021-02-12,71437.0,71.437
2021-02-13,73592.0,73.592
2021-02-14,73566.0,73.566
2021-02-15,72027.0,72.027
2021-02-16,65569.0,65.569
2021-02-17,37908.0,37.908
2021-02-18,15938.0,15.938
2021-02-19,30138.0,30.138
2021-02-20,53429.0,53.429
2021-02-21,73844.0,73.844
2021-02-22,64569.0,64.569
2021-02-23,67908.0,67.908
2021-02-24,76012.0,76.012
2021-02-25,79043.0,79.043
2021-02-26,79388.0,79.388
2021-02-27,75563.0,75.563
2021-02-28,69561.0,69.561
2021-03-01,57785.0,57.785
2021-03-02,72573.0,72.573
2021-03-03,63245.0,63.245
2021-03-04,51118.0,51.118
2021-03-05,69293.0,69.293
2021-03-06,89025.0,89.025
2021-03-07,83426.0,83.426
2021-03-08,81561.0,81.561
2021-03-09,77656.0,77.656
2021-03-10,76944.0,76.944
2021-03-11,70881.0,70.881
2021-03-12,55525.0,55.525
2021-03-13,91019.0,91.019
2021-03-14,75052.0,75.052
2021-03-15,74492.0,74.492
2021-03-16,76793.0,76.793
2021-03-17,92910.0,92.91
2021-03-18,76838.0,76.838
2021-03-19,92901.0,92.901
2021-03-20,78847.0,78.847
2021-03-21,76532.0,76.532
2021-03-22,43714.0,43.714
2021-03-23,35914.0,35.914
2021-03-24,72976.0,72.976
2021-03-25,72713.0,72.713
2021-03-26,40510.0,40.51
2021-03-27,88468.0,88.468
2021-03-28,89836.0,89.836
2021-03-29,98408.0,98.408
2021-03-30,67600.0,67.6
2021-03-31,86397.0,86.397
2021-04-01,81968.0,81.968
2021-04-02,81119.0,81.119
2021-04-03,94765.0,94.765
2021-04-04,99738.0,99.738
2021-04-05,95016.0,95.016
2021-04-06,91763.0,91.763
2021-04-07,91926.0,91.926
2021-04-08,95065.0,95.065
2021-04-09,95803.0,95.803
2021-04-10,55733.0,55.733
2021-04-11,77275.0,77.275
2021-04-12,91567.0,91.567
2021-04-13,99661.0,99.661
2021-04-14,98804.0,98.804
2021-04-15,96280.0,96.28
2021-04-16,94463.0,94.463
2021-04-17,92954.0,92.954
2021-04-18,87735.0,87.735
2021-04-19,77629.0,77.629
2021-04-20,83314.0,83.314
2021-04-21,96292.0,96.292
2021-04-22,99946.0,99.946
2021-04-23,93723.0,93.723
2021-04-24,87746.0,87.746
2021-04-25,95798.0,95.798
2021-04-26,91647.0,91.647
2021-04-27,98884.0,98.884
2021-04-28,97042.0,97.042
2021-04-29,93366.0,93.366
2021-04-30,91838.0,91.838
2021-05-01,96376.0,96.376
2021-05-02,93916.0,93.916
2021-05-03,91313.0,91.313
2021-05-04,91922.0,91.922
2021-05-05,92236.0,92.236
2021-05-06,92524.0,92.524
2021-05-07,90424.0,90.424
2021-05-08,93038.0,93.038
2021-05-09,81954.0,81.954
2021-05-10,87899.0,87.899
2021-05-11,92528.0,92.528
2021-05-12,91905.0,91.905
2021-05-13,97768.0,97.768
2021-05-14,99561.0,99.561
2021-05-15,98823.0,98.823
2021-05-16,96040.0,96.04
2021-05-17,96084.0,96.084
2021-05-18,97574.0,97.574
2021-05-19,97421.0,97.421
2021-05-20,93877.0,93.877
2021-05-21,89460.0,89.46
2021-05-22,94816.0,94.816
2021-05-23,97869.0,97.869
2021-05-24,97667.0,97.667
2021-05-25,93939.0,93.939
2021-05-26,95180.0,95.18
2021-05-27,96081.0,96.081
2021-05-28,95438.0,95.438
2021-05-29,94736.0,94.736
2021-05-30,95323.0,95.323
2021-05-31,88400.0,88.4
2021-06-01,92540.0,92.54
2021-06-02,95309.0,95.309
2021-06-03,97849.0,97.849
2021-06-04,96947.0,96.947
2021-06-05,98615.0,98.615
2021-06-06,97659.0,97.659
2021-06-07,97204.0,97.204
2021-06-08,97405.0,97.405
2021-06-09,92185.0,92.185
2021-06-10,90770.0,90.77
2021-06-11,92471.0,92.471
2021-06-12,89732.0,89.732
2021-06-13,91237.0,91.237
2021-06-14,92654.0,92.654
2021-06-15,95610.0,95.61
2021-06-16,94568.0,94.568
2021-06-17,93055.0,93.055
2021-06-18,96420.0,96.42
2021-06-19,95170.0,95.17
2021-06-20,95314.0,95.314
2021-06-21,93139.0,93.139
2021-06-22,91723.0,91.723
2021-06-23,91382.0,91.382
2021-06-24,92636.0,92.636
2021-06-25,91800.0,91.8
2021-06-26,91952.0,91.952
2021-06-27,90494.0,90.494
2021-06-28,90212.0,90.212
2021-06-29,89723.0,89.723
2021-06-30,89500.0,89.5
2021-07-01,89071.0,89.071
2021-07-02,89021.0,89.021
2021-07-03,87533.0,87.533
2021-07-04,89598.0,89.598
2021-07-05,81431.0,81.431
2021-07-06,86532.0,86.532
2021-07-07,88573.0,88.573
2021-07-08,87603.0,87.603
2021-07-09,88272.0,88.272
2021-07-10,86377.0,86.377
2021-07-11,85601.0,85.601
2021-07-12,86763.0,86.763
2021-07-13,87535.0,87.535
2021-07-14,87650.0,87.65
2021-07-15,82868.0,82.868
2021-07-16,83793.0,83.793
2021-07-17,84229.0,84.229
2021-07-18,79272.0,79.272
2021-07-19,77120.0,77.12
2021-07-20,78655.0,78.655
2021-07-21,79678.0,79.678
2021-07-22,78604.0,78.604
2021-07-23,65018.0,65.018
2021-07-24,71469.0,71.469
2021-07-25,75179.0,75.179
2021-07-26,73827.0,73.827
2021-07-27,79100.0,79.1
2021-07-28,79119.0,79.119
2021-07-29,76486.0,76.486
2021-07-30,72504.0,72.504
2021-07-31,74312.0,74.312
2021-08-01,73558.0,73.558
2021-08-02,74412.0,74.412
2021-08-03,71048.0,71.048
2021-08-04,70894.0,70.894
2021-08-05,68633.0,68.633
2021-08-06,69146.0,69.146
2021-08-07,70854.0,70.854
2021-08-08,69546.0,69.546
2021-08-09,69742.0,69.742
2021-08-10,69276.0,69.276
2021-08-11,73319.0,73.319
2021-08-12,72839.0,72.839
2021-08-13,70062.0,70.062
2021-08-14,71010.0,71.01
2021-08-15,71653.0,71.653
2021-08-16,71426.0,71.426
2021-08-17,72269.0,72.269
2021-08-18,71642.0,71.642
2021-08-19,71456.0,71.456
2021-08-20,70081.0,70.081
2021-08-21,69119.0,69.119
2021-08-22,67781.0,67.781
2021-08-23,67822.0,67.822
2021-08-24,68804.0,68.804
2021-08-25,65929.0,65.929
2021-08-26,63945.0,63.945
2021-08-27,60199.0,60.199
2021-08-28,62853.0,62.853
2021-08-29,92342.0,92.342
2021-08-30,89170.0,89.17
2021-08-31,87447.0,87.447
2021-09-01,87729.0,87.729
2021-09-02,87941.0,87.941
2021-09-03,87701.0,87.701
2021-09-04,88923.0,88.923
2021-09-05,87491.0,87.491
2021-09-06,87343.0,87.343
2021-09-07,88248.0,88.248
2021-09-08,88299.0,88.299
2021-09-09,84682.0,84.682
2021-09-10,74130.0,74.13
2021-09-11,71609.0,71.609
2021-09-12,69192.0,69.192
2021-09-13,82524.0,82.524
2021-09-14,77840.0,77.84
2021-09-15,77194.0,77.194
2021-09-16,71073.0,71.073
2021-09-17,81819.0,81.819
2021-09-18,82695.0,82.695
2021-09-19,82235.0,82.235
2021-09-20,78871.0,78.871
2021-09-21,77013.0,77.013
2021-09-22,77261.0,77.261
2021-09-23,73267.0,73.267
2021-09-24,58736.0,58.736
2021-09-25,83074.0,83.074
2021-09-26,80781.0,80.781
2021-09-27,65064.0,65.064
2021-09-28,62907.0,62.907
2021-09-29,81833.0,81.833
2021-09-30,79633.0,79.633
2021-10-01,76879.0,76.879
2021-10-02,61116.0,61.116
2021-10-03,67200.0,67.2
2021-10-04,75653.0,75.653
2021-10-05,75121.0,75.121
2021-10-06,76749.0,76.749
2021-10-07,73557.0,73.557
2021-10-08,72263.0,72.263
2021-10-09,70959.0,70.959
2021-10-10,72945.0,72.945
2021-10-11,72171.0,72.171
2021-10-12,53690.0,53.69
2021-10-13,58033.0,58.033
2021-10-14,60907.0,60.907
2021-10-15,60478.0,60.478
2021-10-16,55086.0,55.086
2021-10-17,54470.0,54.47
2021-10-18,55579.0,55.579
2021-10-19,65130.0,65.13
2021-10-20,40674.0,40.674
2021-10-21,56612.0,56.612
2021-10-22,60804.0,60.804
2021-10-23,55281.0,55.281
2021-10-24,57322.0,57.322
2021-10-25,59604.0,59.604
2021-10-26,58456.0,58.456
2021-10-27,57029.0,57.029
2021-10-28,50524.0,50.524
2021-10-29,51152.0,51.152
2021-10-30,46182.0,46.182
2021-10-31,16788.0,16.788
2021-11-01,50045.0,50.045
2021-11-02,45126.0,45.126
2021-11-03,47495.0,47.495
2021-11-04,51686.0,51.686
2021-11-05,50817.0,50.817
2021-11-06,50041.0,50.041
2021-11-07,49480.0,49.48
2021-11-08,49528.0,49.528
2021-11-09,48230.0,48.23
2021-11-10,47551.0,47.551
2021-11-11,44781.0,44.781
2021-11-12,41337.0,41.337
2021-11-13,33445.0,33.445
2021-11-14,34930.0,34.93
2021-11-15,39523.0,39.523
2021-11-16,36830.0,36.83
2021-11-17,31134.0,31.134
2021-11-18,33166.0,33.166
2021-11-19,23888.0,23.888
2021-11-20,39880.0,39.88
2021-11-21,33119.0,33.119
2021-11-22,47872.0,47.872
2021-11-23,48304.0,48.304
2021-11-24,45941.0,45.941
2021-11-25,41413.0,41.413
2021-11-26,46538.0,46.538
2021-11-27,46168.0,46.168
2021-11-28,45020.0,45.02
2021-11-29,43032.0,43.032
2021-11-30,44326.0,44.326
2021-12-01,12073.0,12.073
2021-12-02,37561.0,37.561
2021-12-03,38693.0,38.693
2021-12-04,43655.0,43.655
2021-12-05,43271.0,43.271
2021-12-06,43480.0,43.48
2021-12-07,13667.0,13.667
2021-12-08,39044.0,39.044
2021-12-09,27180.0,27.18
2021-12-10,42218.0,42.218
2021-12-11,41487.0,41.487
2021-12-12,31664.0,31.664
2021-12-13,27383.0,27.383
2021-12-14,35175.0,35.175
2021-12-15,41520.0,41.52
2021-12-16,37829.0,37.829
2021-12-17,16639.0,16.639
2021-12-18,50750.0,50.75
2021-12-19,49997.0,49.997
2021-12-20,26443.0,26.443
2021-12-21,27394.0,27.394
2021-12-22,44515.0,44.515
2021-12-23,25532.0,25.532
2021-12-24,25381.0,25.381
2021-12-25,41844.0,41.844
2021-12-26,48795.0,48.795
2021-12-27,45866.0,45.866
2021-12-28,32156.0,32.156
2021-12-29,21643.0,21.643
2021-12-30,37241.0,37.241
2021-12-31,24558.0,24.558
2022-01-01,24972.0,24.972
2022-01-02,43502.0,43.502
2022-01-03,26026.0,26.026
2022-01-04,29912.0,29.912
2022-01-05,46695.0,46.695
2022-01-06,50623.0,50.623
2022-01-07,50457.0,50.457
2022-01-08,50388.0,50.388
2022-01-09,36362.0,36.362
2022-01-10,52058.0,52.058
2022-01-11,51205.0,51.205
2022-01-12,42371.0,42.371
2022-01-13,44405.0,44.405
2022-01-14,14656.0,14.656
2022-01-15,20332.0,20.332
2022-01-16,11285.0,11.285
2022-01-17,57775.0,57.775
2022-01-18,58779.0,58.779
2022-01-19,16811.0,16.811
2022-01-20,37513.0,37.513
2022-01-21,61733.0,61.733
2022-01-22,59046.0,59.046
2022-01-23,53984.0,53.984
2022-01-24,28574.0,28.574
2022-01-25,59562.0,59.562
2022-01-26,40757.0,40.757
2022-01-27,14328.0,14.328
2022-01-28,35871.0,35.871
2022-01-29,49268.0,49.268
2022-01-30,61892.0,61.892
2022-01-31,49333.0,49.333
2022-02-01,61684.0,61.684
2022-02-02,57039.0,57.039
2022-02-03,59948.0,59.948
2022-02-04,30682.0,30.682
2022-02-05,35358.0,35.358
2022-02-06,41030.0,41.03
2022-02-07,66707.0,66.707
2022-02-08,69558.0,69.558
2022-02-09,62712.0,62.712
2022-02-10,23744.0,23.744
2022-02-11,47529.0,47.529
2022-02-12,73377.0,73.377
2022-02-13,72948.0,72.948
2022-02-14,36780.0,36.78
2022-02-15,51468.0,51.468
2022-02-16,55426.0,55.426
2022-02-17,52584.0,52.584
2022-02-18,69412.0,69.412
2022-02-19,29507.0,29.507
2022-02-20,33244.0,33.244
2022-02-21,67665.0,67.665
2022-02-22,69687.0,69.687
2022-02-23,67761.0,67.761
2022-02-24,44689.0,44.689
2022-02-25,50523.0,50.523
2022-02-26,16809.0,16.809
2022-02-27,74307.0,74.307
2022-02-28,79841.0,79.841
2022-03-01,70664.0,70.664
2022-03-02,66547.0,66.547
2022-03-03,63126.0,63.126
2022-03-04,61832.0,61.832
2022-03-05,76503.0,76.503
2022-03-06,59193.0,59.193
2022-03-07,71338.0,71.338
2022-03-08,64778.0,64.778
2022-03-09,75766.0,75.766
2022-03-10,53751.0,53.751
2022-03-11,33285.0,33.285
2022-03-12,25932.0,25.932
2022-03-13,75955.0,75.955
2022-03-14,56493.0,56.493
2022-03-15,63997.0,63.997
2022-03-16,59914.0,59.914
2022-03-17,84096.0,84.096
2022-03-18,74269.0,74.269
2022-03-19,71046.0,71.046
2022-03-20,76905.0,76.905
2022-03-21,34971.0,34.971
2022-03-22,80637.0,80.637
2022-03-23,70061.0,70.061
2022-03-24,58855.0,58.855
2022-03-25,42510.0,42.51
2022-03-26,93096.0,93.096
2022-03-27,93214.0,93.214
2022-03-28,96333.0,96.333
2022-03-29,87764.0,87.764
2022-03-30,91544.0,91.544
2022-03-31,90120.0,90.12
2022-04-01,81707.0,81.707
2022-04-02,66189.0,66.189
2022-04-03,80644.0,80.644
2022-04-04,88866.0,88.866
2022-04-05,83440.0,83.44
2022-04-06,87660.0,87.66
2022-04-07,75386.0,75.386
2022-04-08,66124.0,66.124
2022-04-09,95436.0,95.436
2022-04-10,90613.0,90.613
2022-04-11,91418.0,91.418
2022-04-12,88772.0,88.772
2022-04-13,95832.0,95.832
2022-04-14,97830.0,97.83
2022-04-15,94951.0,94.951
2022-04-16,89994.0,89.994
2022-04-17,83251.0,83.251
2022-04-18,60753.0,60.753
2022-04-19,77584.0,77.584
2022-04-20,80674.0,80.674
2022-04-21,98667.0,98.667
2022-04-22,80200.0,80.2
2022-04-23,89098.0,89.098
2022-04-24,63836.0,63.836
2022-04-25,80860.0,80.86
2022-04-26,82058.0,82.058
2022-04-27,81682.0,81.682
2022-04-28,84838.0,84.838
2022-04-29,80503.0,80.503
2022-04-30,77932.0,77.932
2022-05-01,83970.0,83.97
2022-05-02,72639.0,72.639
2022-05-03,80563.0,80.563
2022-05-04,52951.0,52.951
2022-05-05,71812.0,71.812
2022-05-06,74055.0,74.055
2022-05-07,85564.0,85.564
2022-05-08,86916.0,86.916
2022-05-09,82089.0,82.089
2022-05-10,86161.0,86.161
2022-05-11,76605.0,76.605
2022-05-12,86382.0,86.382
2022-05-13,78046.0,78.046
2022-05-14,63846.0,63.846
2022-05-15,78744.0,78.744
2022-05-16,74098.0,74.098
2022-05-17,87716.0,87.716
2022-05-18,86317.0,86.317
2022-05-19,86271.0,86.271
2022-05-20,79731.0,79.731
2022-05-21,57832.0,57.832
2022-05-22,84384.0,84.384
2022-05-23,85792.0,85.792
2022-05-24,83435.0,83.435
2022-05-25,83052.0,83.052
2022-05-26,82004.0,82.004
2022-05-27,77956.0,77.956
2022-05-28,78863.0,78.863
2022-05-29,79121.0,79.121
2022-05-30,80509.0,80.509
2022-05-31,81857.0,81.857
2022-06-01,80235.0,80.235
2022-06-02,82657.0,82.657
2022-06-03,80119.0,80.119
2022-06-04,81173.0,81.173
2022-06-05,78188.0,78.188
2022-06-06,82219.0,82.219
2022-06-07,80780.0,80.78
2022-06-08,80767.0,80.767
2022-06-09,78108.0,78.108
2022-06-10,79959.0,79.959
2022-06-11,78216.0,78.216
2022-06-12,78173.0,78.173
2022-06-13,76039.0,76.039
2022-06-14,79967.0,79.967
2022-06-15,80863.0,80.863
2022-06-16,79640.0,79.64
2022-06-17,77829.0,77.829
2022-06-18,105149.0,105.149
2022-06-19,106713.0,106.713
2022-06-20,109069.0,109.069
2022-06-21,107733.0,107.733
2022-06-22,93018.0,93.018
2022-06-23,104598.0,104.598
2022-06-24,103158.0,103.158
2022-06-25,102484.0,102.484
2022-06-26,105836.0,105.836
2022-06-27,104754.0,104.754
2022-06-28,103475.0,103.475
2022-06-29,101556.0,101.556
2022-06-30,103328.0,103.328
2022-07-01,103173.0,103.173
2022-07-02,102336.0,102.336
2022-07-03,103139.0,103.139
2022-07-04,101516.0,101.516
2022-07-05,102465.0,102.465
2022-07-06,104297.0,104.297
2022-07-07,102682.0,102.682
2022-07-08,100284.0,100.284
2022-07-09,101817.0,101.817
2022-07-10,100807.0,100.807
2022-07-11,100154.0,100.154
2022-07-12,101023.0,101.023
2022-07-13,100059.0,100.059
2022-07-14,99498.0,99.498
2022-07-15,100256.0,100.256
2022-07-16,99382.0,99.382
2022-07-17,100605.0,100.605
2022-07-18,99595.0,99.595
2022-07-19,96817.0,96.817
2022-07-20,96593.0,96.593
2022-07-21,97865.0,97.865
2022-07-22,97991.0,97.991
2022-07-23,97010.0,97.01
2022-07-24,97736.0,97.736
2022-07-25,96901.0,96.901
2022-07-26,97069.0,97.069
2022-07-27,97058.0,97.058
2022-07-28,93849.0,93.849
2022-07-29,94311.0,94.311
2022-07-30,92003.0,92.003
2022-07-31,93272.0,93.272
2022-08-01,91025.0,91.025
2022-08-02,90576.0,90.576
2022-08-03,88274.0,88.274
2022-08-04,82836.0,82.836
2022-08-05,84639.0,84.639
2022-08-06,84523.0,84.523
2022-08-07,84198.0,84.198
2022-08-08,85680.0,85.68
2022-08-09,84643.0,84.643
2022-08-10,84545.0,84.545
2022-08-11,86498.0,86.498
2022-08-12,86538.0,86.538
2022-08-13,66907.0,66.907
2022-08-14,82604.0,82.604
2022-08-15,86104.0,86.104
2022-08-16,84183.0,84.183
2022-08-17,83674.0,83.674
2022-08-18,83621.0,83.621
2022-08-19,85352.0,85.352
2022-08-20,82903.0,82.903
2022-08-21,79578.0,79.578
2022-08-22,82943.0,82.943
2022-08-23,85211.0,85.211
2022-08-24,83548.0,83.548
2022-08-25,79158.0,79.158
2022-08-26,79880.0,79.88
2022-08-27,80501.0,80.501
2022-08-28,77691.0,77.691
2022-08-29,75239.0,75.239
2022-08-30,74498.0,74.498
2022-08-31,73686.0,73.686
2022-09-01,72359.0,72.359
2022-09-02,73294.0,73.294
2022-09-03,72880.0,72.88
2022-09-04,73267.0,73.267
2022-09-05,73169.0,73.169
2022-09-06,66249.0,66.249
2022-09-07,74168.0,74.168
2022-09-08,74114.0,74.114
2022-09-09,74414.0,74.414
2022-09-10,73363.0,73.363
2022-09-11,74744.0,74.744
2022-09-12,75645.0,75.645
2022-09-13,72903.0,72.903
2022-09-14,69377.0,69.377
2022-09-15,72111.0,72.111
2022-09-16,70360.0,70.36
2022-09-17,69504.0,69.504
2022-09-18,66989.0,66.989
2022-09-19,61506.0,61.506
2022-09-20,51940.0,51.94
2022-09-21,59712.0,59.712
2022-09-22,68637.0,68.637
2022-09-23,65123.0,65.123
2022-09-24,62872.0,62.872
2022-09-25,62088.0,62.088
2022-09-26,62921.0,62.921
2022-09-27,80359.0,80.359
2022-09-28,83843.0,83.843
2022-09-29,78925.0,78.925
2022-09-30,78187.0,78.187
2022-10-01,76428.0,76.428
2022-10-02,78170.0,78.17
2022-10-03,76536.0,76.536
2022-10-04,74818.0,74.818
2022-10-05,74803.0,74.803
2022-10-06,75309.0,75.309
2022-10-07,51667.0,51.667
2022-10-08,70497.0,70.497
2022-10-09,66129.0,66.129
2022-10-10,75799.0,75.799
2022-10-11,73992.0,73.992
2022-10-12,71697.0,71.697
2022-10-13,59977.0,59.977
2022-10-14,70615.0,70.615
2022-10-15,69905.0,69.905
2022-10-16,68372.0,68.372
2022-10-17,67444.0,67.444
2022-10-18,61492.0,61.492
2022-10-19,64120.0,64.12
2022-10-20,58220.0,58.22
2022-10-21,36721.0,36.721
2022-10-22,60975.0,60.975
2022-10-23,54626.0,54.626
2022-10-24,54527.0,54.527
2022-10-25,53434.0,53.434
2022-10-26,54684.0,54.684
2022-10-27,52971.0,52.971
2022-10-28,56783.0,56.783
2022-10-29,54340.0,54.34
2022-10-30,48257.0,48.257
2022-10-31,51062.0,51.062
2022-11-01,48405.0,48.405
2022-11-02,51890.0,51.89
2022-11-03,44892.0,44.892
2022-11-04,55140.0,55.14
2022-11-05,52936.0,52.936
2022-11-06,52294.0,52.294
2022-11-07,50084.0,50.084
2022-11-08,14974.0,14.974
2022-11-09,34812.0,34.812
2022-11-10,57386.0,57.386
2022-11-11,54212.0,54.212
2022-11-12,53585.0,53.585
2022-11-13,49526.0,49.526
2022-11-14,43659.0,43.659
2022-11-15,28549.0,28.549
2022-11-16,44310.0,44.31
2022-11-17,46228.0,46.228
2022-11-18,47992.0,47.992
2022-11-19,51472.0,51.472
2022-11-20,51279.0,51.279
2022-11-21,48335.0,48.335
2022-11-22,31807.0,31.807
2022-11-23,49626.0,49.626
2022-11-24,28979.0,28.979
2022-11-25,39723.0,39.723
2022-11-26,23521.0,23.521
2022-11-27,35976.0,35.976
2022-11-28,36415.0,36.415
2022-11-29,36180.0,36.18
2022-11-30,47115.0,47.115
2022-12-01,46953.0,46.953
2022-12-02,45396.0,45.396
2022-12-03,41514.0,41.514
2022-12-04,42912.0,42.912
2022-12-05,40213.0,40.213
2022-12-06,32072.0,32.072
2022-12-07,43079.0,43.079
2022-12-08,44726.0,44.726
2022-12-09,41624.0,41.624
2022-12-10,43091.0,43.091
2022-12-11,44365.0,44.365
2022-12-12,39473.0,39.473
2022-12-13,32965.0,32.965
2022-12-14,30171.0,30.171
2022-12-15,41143.0,41.143
2022-12-16,40986.0,40.986
2022-12-17,42626.0,42.626
2022-12-18,44094.0,44.094
2022-12-19,42456.0,42.456
2022-12-20,41116.0,41.116
2022-12-21,33701.0,33.701
2022-12-22,51328.0,51.328
2022-12-23,41554.0,41.554
2022-12-24,19399.0,19.399
2022-12-25,33604.0,33.604
2022-12-26,9023.0,9.023
2022-12-27,42238.0,42.238
2022-12-28,41423.0,41.423
2022-12-29,51281.0,51.281
2022-12-30,53322.0,53.322
2022-12-31,51559.0,51.559
2023-01-01,20286.0,20.286
2023-01-02,37865.0,37.865
2023-01-03,51600.0,51.6
2023-01-04,30702.0,30.702
2023-01-05,39936.0,39.936
2023-01-06,34645.0,34.645
2023-01-07,37143.0,37.143
2023-01-08,48036.0,48.036
2023-01-09,23363.0,23.363
2023-01-10,51514.0,51.514
2023-01-11,55279.0,55.279
2023-01-12,40987.0,40.987
2023-01-13,47976.0,47.976
2023-01-14,24750.0,24.75
2023-01-15,53009.0,53.009
2023-01-16,38568.0,38.568
2023-01-17,54558.0,54.558
2023-01-18,55866.0,55.866
2023-01-19,57896.0,57.896
2023-01-20,56398.0,56.398
2023-01-21,56195.0,56.195
2023-01-22,54205.0,54.205
2023-01-23,54254.0,54.254
2023-01-24,55235.0,55.235
2023-01-25,54077.0,54.077
2023-01-26,56416.0,56.416
2023-01-27,57569.0,57.569
2023-01-28,42565.0,42.565
2023-01-29,44218.0,44.218
2023-01-30,57146.0,57.146
2023-01-31,32139.0,32.139
2023-02-01,36182.0,36.182
2023-02-02,43255.0,43.255
2023-02-03,38978.0,38.978
2023-02-04,35153.0,35.153
2023-02-05,65420.0,65.42
2023-02-06,41122.0,41.122
2023-02-07,21853.0,21.853
2023-02-08,12529.0,12.529
2023-02-09,45222.0,45.222
2023-02-10,66653.0,66.653
2023-02-11,56223.0,56.223
2023-02-12,36120.0,36.12
2023-02-13,50718.0,50.718
2023-02-14,62734.0,62.734
2023-02-15,37700.0,37.7
2023-02-16,58534.0,58.534
2023-02-17,71574.0,71.574
2023-02-18,75066.0,75.066
2023-02-19,73648.0,73.648
2023-02-20,65555.0,65.555
2023-02-21,69650.0,69.65
2023-02-22,77024.0,77.024
2023-02-23,60423.0,60.423
2023-02-24,62202.0,62.202
2023-02-25,72889.0,72.889
2023-02-26,74864.0,74.864
2023-02-27,76672.0,76.672
2023-02-28,76639.0,76.639
2023-03-01,74563.0,74.563
2023-03-02,75571.0,75.571
2023-03-03,78592.0,78.592
2023-03-04,78560.0,78.56
2023-03-05,69630.0,69.63
2023-03-06,64433.0,64.433
2023-03-07,80498.0,80.498
2023-03-08,66909.0,66.909
2023-03-09,71452.0,71.452
2023-03-10,83638.0,83.638
2023-03-11,83670.0,83.67
2023-03-12,81843.0,81.843
2023-03-13,61057.0,61.057
2023-03-14,13999.0,13.999
2023-03-15,54731.0,54.731
2023-03-16,92340.0,92.34
2023-03-17,90203.0,90.203
2023-03-18,81918.0,81.918
2023-03-19,54444.0,54.444
2023-03-20,25766.0,25.766
2023-03-21,66001.0,66.001
2023-03-22,70582.0,70.582
2023-03-23,49723.0,49.723
2023-03-24,77570.0,77.57
2023-03-25,35154.0,35.154
2023-03-26,59921.0,59.921
2023-03-27,77489.0,77.489
2023-03-28,95779.0,95.779
2023-03-29,83957.0,83.957
2023-03-30,59003.0,59.003
2023-03-31,85887.0,85.887
2023-04-01,88212.0,88.212
2023-04-02,95261.0,95.261
2023-04-03,95155.0,95.155
2023-04-04,96145.0,96.145
2023-04-05,94587.0,94.587
2023-04-06,92283.0,92.283
2023-04-07,86964.0,86.964
2023-04-08,72349.0,72.349
2023-04-09,60246.0,60.246
2023-04-10,37638.0,37.638
2023-04-11,33931.0,33.931
2023-04-12,49669.0,49.669
2023-04-13,70969.0,70.969
2023-04-14,101167.0,101.167
2023-04-15,94467.0,94.467
2023-04-16,96175.0,96.175
2023-04-17,94235.0,94.235
2023-04-18,96773.0,96.773
2023-04-19,87888.0,87.888
2023-04-20,71971.0,71.971
2023-04-21,101826.0,101.826
2023-04-22,100157.0,100.157
2023-04-23,65117.0,65.117
2023-04-24,100811.0,100.811
2023-04-25,102809.0,102.809
2023-04-26,102850.0,102.85
2023-04-27,102640.0,102.64
2023-04-28,88846.0,88.846
2023-04-29,82004.0,82.004
2023-04-30,76189.0,76.189
2023-05-01,102669.0,102.669
2023-05-02,102439.0,102.439
2023-05-03,99876.0,99.876
2023-05-04,98778.0,98.778
2023-05-05,86041.0,86.041
2023-05-06,95771.0,95.771
2023-05-07,83863.0,83.863
2023-05-08,75532.0,75.532
2023-05-09,96346.0,96.346
2023-05-10,97421.0,97.421
2023-05-11,95351.0,95.351
2023-05-12,94965.0,94.965
2023-05-13,97253.0,97.253
2023-05-14,100166.0,100.166
2023-05-15,99095.0,99.095
2023-05-16,95429.0,95.429
2023-05-17,93484.0,93.484
2023-05-18,93282.0,93.282
2023-05-19,85197.0,85.197
2023-05-20,87664.0,87.664
2023-05-21,92153.0,92.153
2023-05-22,92285.0,92.285
2023-05-23,100486.0,100.486
2023-05-24,94865.0,94.865
2023-05-25,104156.0,104.156
2023-05-26,85767.0,85.767
2023-05-27,43528.0,43.528
2023-05-28,57836.0,57.836
2023-05-29,84534.0,84.534
2023-05-30,85389.0,85.389
2023-05-31,91297.0,91.297
2023-06-01,72188.0,72.188
2023-06-02,75759.0,75.759
2023-06-03,74500.0,74.5
2023-06-04,89178.0,89.178
2023-06-05,95614.0,95.614
2023-06-06,94880.0,94.88
2023-06-07,92686.0,92.686
2023-06-08,49721.0,49.721
2023-06-09,55257.0,55.257
2023-06-10,89361.0,89.361
2023-06-11,92489.0,92.489
2023-06-12,92506.0,92.506
2023-06-13,41874.0,41.874
2023-06-14,90220.0,90.22
2023-06-15,90365.0,90.365
2023-06-16,90081.0,90.081
2023-06-17,87077.0,87.077
2023-06-18,90323.0,90.323
2023-06-19,91011.0,91.011
2023-06-20,61335.0,61.335
2023-06-21,91185.0,91.185
2023-06-22,90843.0,90.843
2023-06-23,90336.0,90.336
2023-06-24,91779.0,91.779
2023-06-25,91401.0,91.401
2023-06-26,92053.0,92.053
2023-06-27,90584.0,90.584
2023-06-28,90040.0,90.04
2023-06-29,89618.0,89.618
2023-06-30,90411.0,90.411
2023-07-01,89565.0,89.565
2023-07-02,88886.0,88.886
2023-07-03,89377.0,89.377
2023-07-04,87542.0,87.542
2023-07-05,87218.0,87.218
2023-07-06,86994.0,86.994
2023-07-07,85994.0,85.994
2023-07-08,85767.0,85.767
2023-07-09,80446.0,80.446
2023-07-10,77129.0,77.129
2023-07-11,84909.0,84.909
2023-07-12,84369.0,84.369
2023-07-13,82044.0,82.044
2023-07-14,84320.0,84.32
2023-07-15,83364.0,83.364
2023-07-16,82234.0,82.234
2023-07-17,81962.0,81.962
2023-07-18,83061.0,83.061
2023-07-19,81593.0,81.593
2023-07-20,80762.0,80.762
2023-07-21,81132.0,81.132
2023-07-22,82910.0,82.91
2023-07-23,80120.0,80.12
2023-07-24,80151.0,80.151
2023-07-25,77691.0,77.691
2023-07-26,79321.0,79.321
2023-07-27,75692.0,75.692
2023-07-28,77853.0,77.853
2023-07-29,77442.0,77.442
2023-07-30,77506.0,77.506
2023-07-31,77313.0,77.313
2023-08-01,76216.0,76.216
2023-08-02,76922.0,76.922
2023-08-03,77902.0,77.902
2023-08-04,77336.0,77.336
2023-08-05,75431.0,75.431
2023-08-06,78595.0,78.595
2023-08-07,74395.0,74.395
2023-08-08,74573.0,74.573
2023-08-09,75023.0,75.023
2023-08-10,74561.0,74.561
2023-08-11,72421.0,72.421
2023-08-12,70923.0,70.923
2023-08-13,64475.0,64.475
2023-08-14,35888.0,35.888
2023-08-15,58357.0,58.357
2023-08-16,64219.0,64.219
2023-08-17,64204.0,64.204
2023-08-18,64748.0,64.748
2023-08-19,61719.0,61.719
2023-08-20,59306.0,59.306
2023-08-21,66088.0,66.088
2023-08-22,63886.0,63.886
2023-08-23,64380.0,64.38
2023-08-24,65992.0,65.992
2023-08-25,65974.0,65.974
2023-08-26,64494.0,64.494
2023-08-27,65918.0,65.918
2023-08-28,64713.0,64.713
2023-08-29,56503.0,56.503
2023-08-30,63572.0,63.572
2023-08-31,60382.0,60.382
2023-09-01,60654.0,60.654
2023-09-02,64062.0,64.062
2023-09-03,59528.0,59.528
2023-09-04,61839.0,61.839
2023-09-05,60432.0,60.432
2023-09-06,58038.0,58.038
2023-09-07,60194.0,60.194
2023-09-08,57554.0,57.554
2023-09-09,58750.0,58.75
2023-09-10,60270.0,60.27
2023-09-11,58340.0,58.34
2023-09-12,52144.0,52.144
2023-09-13,24351.0,24.351
2023-09-14,59538.0,59.538
2023-09-15,57693.0,57.693
2023-09-16,57808.0,57.808
2023-09-17,58514.0,58.514
2023-09-18,57582.0,57.582
2023-09-19,56822.0,56.822
2023-09-20,54910.0,54.91
2023-09-21,55085.0,55.085
2023-09-22,55146.0,55.146
2023-09-23,54678.0,54.678
2023-09-24,55923.0,55.923
2023-09-25,55058.0,55.058
2023-09-26,54945.0,54.945
2023-09-27,54514.0,54.514
2023-09-28,52670.0,52.67
2023-09-29,52639.0,52.639
2023-09-30,50807.0,50.807
2023-10-01,22891.0,22.891
2023-10-02,18096.0,18.096
2023-10-03,31544.0,31.544
2023-10-04,28446.0,28.446
2023-10-05,36682.0,36.682
2023-10-06,48749.0,48.749
2023-10-07,42687.0,42.687
2023-10-08,46473.0,46.473
2023-10-09,13921.0,13.921
2023-10-10,33569.0,33.569
2023-10-11,44183.0,44.183
2023-10-12,48560.0,48.56
2023-10-13,47865.0,47.865
2023-10-14,44298.0,44.298
2023-10-15,45253.0,45.253
2023-10-16,40193.0,40.193
2023-10-17,45518.0,45.518
2023-10-18,46088.0,46.088
2023-10-19,42884.0,42.884
2023-10-20,42253.0,42.253
2023-10-21,42335.0,42.335
2023-10-22,36457.0,36.457
2023-10-23,38880.0,38.88
2023-10-24,39120.0,39.12
2023-10-25,40672.0,40.672
2023-10-26,40082.0,40.082
2023-10-27,33306.0,33.306
2023-10-28,32600.0,32.6
2023-10-29,16158.0,16.158
2023-10-30,38131.0,38.131
2023-10-31,37209.0,37.209
2023-11-01,36178.0,36.178
2023-11-02,36043.0,36.043
2023-11-03,37725.0,37.725
2023-11-04,37439.0,37.439
2023-11-05,35163.0,35.163
2023-11-06,38247.0,38.247
2023-11-07,36592.0,36.592
2023-11-08,36758.0,36.758
2023-11-09,36585.0,36.585
2023-11-10,35601.0,35.601
2023-11-11,29400.0,29.4
2023-11-12,20998.0,20.998
2023-11-13,25202.0,25.202
2023-11-14,27455.0,27.455
2023-11-15,41841.0,41.841
2023-11-16,43254.0,43.254
2023-11-17,42944.0,42.944
2023-11-18,41479.0,41.479
2023-11-19,24949.0,24.949
2023-11-20,30965.0,30.965
2023-11-21,45393.0,45.393
2023-11-22,38185.0,38.185
2023-11-23,46661.0,46.661
2023-11-24,48524.0,48.524
2023-11-25,33562.0,33.562
2023-11-26,46729.0,46.729
2023-11-27,24619.0,24.619
2023-11-28,35324.0,35.324
2023-11-29,49445.0,49.445
2023-11-30,50082.0,50.082
2023-12-01,47874.0,47.874
2023-12-02,46668.0,46.668
2023-12-03,47138.0,47.138
2023-12-04,43453.0,43.453
2023-12-05,21356.0,21.356
2023-12-06,38554.0,38.554
2023-12-07,41516.0,41.516
2023-12-08,47834.0,47.834
2023-12-09,44454.0,44.454
2023-12-10,41755.0,41.755
2023-12-11,46974.0,46.974
2023-12-12,40750.0,40.75
2023-12-13,12334.0,12.334
2023-12-14,29650.0,29.65
2023-12-15,50977.0,50.977
2023-12-16,50468.0,50.468
2023-12-17,41483.0,41.483
2023-12-18,49124.0,49.124
2023-12-19,49495.0,49.495
2023-12-20,46707.0,46.707
2023-12-21,25108.0,25.108
2023-12-22,48892.0,48.892
2023-12-23,29038.0,29.038
2023-12-24,30652.0,30.652
2023-12-25,39826.0,39.826
2023-12-26,45788.0,45.788
2023-12-27,32948.0,32.948
2023-12-28,28000.0,28.0
2023-12-29,41454.0,41.454
2023-12-30,45527.0,45.527
2023-12-31,42359.0,42.359
2024-01-01,44762.0,44.762
2024-01-02,33405.0,33.405
2024-01-03,40254.0,40.254
2024-01-04,46525.0,46.525
2024-01-05,35638.0,35.638
2024-01-06,46772.0,46.772
2024-01-07,47044.0,47.044
2024-01-08,45071.0,45.071
2024-01-09,45608.0,45.608
2024-01-10,48396.0,48.396
2024-01-11,26332.0,26.332
2024-01-12,33010.0,33.01
2024-01-13,54566.0,54.566
2024-01-14,29329.0,29.329
2024-01-15,50226.0,50.226
2024-01-16,53430.0,53.43
2024-01-17,36252.0,36.252
2024-01-18,52091.0,52.091
2024-01-19,53097.0,53.097
2024-01-20,52340.0,52.34
2024-01-21,47261.0,47.261
2024-01-22,52397.0,52.397
2024-01-23,27971.0,27.971
2024-01-24,48174.0,48.174
2024-01-25,57376.0,57.376
2024-01-26,35146.0,35.146
2024-01-27,21352.0,21.352
2024-01-28,39918.0,39.918
2024-01-29,48929.0,48.929
2024-01-30,55136.0,55.136
2024-01-31,61314.0,61.314
2024-02-01,52201.0,52.201
2024-02-02,27832.0,27.832
2024-02-03,53950.0,53.95
2024-02-04,57348.0,57.348
2024-02-05,59756.0,59.756
2024-02-06,18462.0,18.462
2024-02-07,65588.0,65.588
2024-02-08,65973.0,65.973
2024-02-09,59331.0,59.331
2024-02-10,59277.0,59.277
2024-02-11,67856.0,67.856
2024-02-12,47534.0,47.534
2024-02-13,45184.0,45.184
2024-02-14,54175.0,54.175
2024-02-15,60474.0,60.474
2024-02-16,45978.0,45.978
2024-02-17,46009.0,46.009
2024-02-18,20985.0,20.985
2024-02-19,35154.0,35.154
2024-02-20,56878.0,56.878
2024-02-21,72861.0,72.861
2024-02-22,65755.0,65.755
2024-02-23,42135.0,42.135
2024-02-24,42268.0,42.268
2024-02-25,74750.0,74.75
2024-02-26,8552.0,8.552
2024-02-27,36549.0,36.549
2024-02-28,75527.0,75.527
2024-02-29,80977.0,80.977
2024-03-01,71594.0,71.594
2024-03-02,73226.0,73.226
2024-03-03,49066.0,49.066
2024-03-04,67990.0,67.99
2024-03-05,78739.0,78.739
2024-03-06,73395.0,73.395
2024-03-07,47736.0,47.736
2024-03-08,71522.0,71.522
2024-03-09,72377.0,72.377
2024-03-10,78854.0,78.854
2024-03-11,83527.0,83.527
2024-03-12,83453.0,83.453
2024-03-13,81300.0,81.3
2024-03-14,67912.0,67.912
2024-03-15,71587.0,71.587
2024-03-16,58683.0,58.683
2024-03-17,53862.0,53.862
2024-03-18,25327.0,25.327
2024-03-19,46801.0,46.801
2024-03-20,85493.0,85.493
2024-03-21,76244.0,76.244
2024-03-22,75887.0,75.887
2024-03-23,83069.0,83.069
2024-03-24,65080.0,65.08
2024-03-25,64889.0,64.889
2024-03-26,80106.0,80.106
2024-03-27,74678.0,74.678
2024-03-28,75947.0,75.947
2024-03-29,65333.0,65.333
2024-03-30,80035.0,80.035
2024-03-31,81516.0,81.516
2024-04-01,81318.0,81.318
2024-04-02,69817.0,69.817
2024-04-03,81663.0,81.663
2024-04-04,85532.0,85.532
2024-04-05,84009.0,84.009
2024-04-06,88799.0,88.799
2024-04-07,74007.0,74.007
2024-04-08,80642.0,80.642
2024-04-09,72646.0,72.646
2024-04-10,45817.0,45.817
2024-04-11,88166.0,88.166
2024-04-12,93013.0,93.013
2024-04-13,93844.0,93.844
2024-04-14,89263.0,89.263
2024-04-15,86469.0,86.469
2024-04-16,77219.0,77.219
2024-04-17,92725.0,92.725
2024-04-18,77048.0,77.048
2024-04-19,94348.0,94.348
2024-04-20,95659.0,95.659
2024-04-21,90418.0,90.418
2024-04-22,90049.0,90.049
2024-04-23,89013.0,89.013
2024-04-24,91263.0,91.263
2024-04-25,77696.0,77.696
2024-04-26,60710.0,60.71
2024-04-27,75984.0,75.984
2024-04-28,66338.0,66.338
2024-04-29,88435.0,88.435
2024-04-30,84848.0,84.848
2024-05-01,82008.0,82.008
2024-05-02,71559.0,71.559
2024-05-03,92410.0,92.41
2024-05-04,101945.0,101.945
2024-05-05,102096.0,102.096
2024-05-06,72883.0,72.883
2024-05-07,92086.0,92.086
2024-05-08,106497.0,106.497
2024-05-09,103136.0,103.136
2024-05-10,72667.0,72.667
2024-05-11,91701.0,91.701
2024-05-12,96861.0,96.861
2024-05-13,97598.0,97.598
2024-05-14,86927.0,86.927
2024-05-15,105801.0,105.801
2024-05-16,105787.0,105.787
2024-05-17,99504.0,99.504
2024-05-18,96236.0,96.236
2024-05-19,94334.0,94.334
2024-05-20,89996.0,89.996
2024-05-21,99185.0,99.185
2024-05-22,96425.0,96.425
2024-05-23,94347.0,94.347
2024-05-24,105436.0,105.436
2024-05-25,90312.0,90.312
2024-05-26,98071.0,98.071
2024-05-27,87449.0,87.449
2024-05-28,79097.0,79.097
2024-05-29,101603.0,101.603
2024-05-30,99162.0,99.162
2024-05-31,101551.0,101.551
2024-06-01,100697.0,100.697
2024-06-02,97242.0,97.242
2024-06-03,93820.0,93.82
2024-06-04,94108.0,94.108
2024-06-05,95506.0,95.506
2024-06-06,92780.0,92.78
2024-06-07,94691.0,94.691
2024-06-08,93289.0,93.289
2024-06-09,95235.0,95.235
2024-06-10,95551.0,95.551
2024-06-11,95712.0,95.712
2024-06-12,94768.0,94.768
2024-06-13,90048.0,90.048
2024-06-14,89998.0,89.998
2024-06-15,89837.0,89.837
2024-06-16,91679.0,91.679
2024-06-17,92314.0,92.314
2024-06-18,91713.0,91.713
2024-06-19,91571.0,91.571
2024-06-20,88442.0,88.442
2024-06-21,91638.0,91.638
2024-06-22,90974.0,90.974
2024-06-23,89729.0,89.729
2024-06-24,89713.0,89.713
2024-06-25,90383.0,90.383
2024-06-26,91422.0,91.422
2024-06-27,89374.0,89.374
2024-06-28,90363.0,90.363
2024-06-29,88315.0,88.315
2024-06-30,89034.0,89.034
2024-07-01,88715.0,88.715
2024-07-02,87934.0,87.934
2024-07-03,88998.0,88.998
2024-07-04,85476.0,85.476
2024-07-05,84460.0,84.46
2024-07-06,85267.0,85.267
2024-07-07,85981.0,85.981
2024-07-08,86105.0,86.105
2024-07-09,83090.0,83.09
2024-07-10,82675.0,82.675
2024-07-11,81921.0,81.921
2024-07-12,82108.0,82.108
2024-07-13,83491.0,83.491
2024-07-14,77620.0,77.62
2024-07-15,74466.0,74.466
2024-07-16,82589.0,82.589
2024-07-17,82551.0,82.551
2024-07-18,83877.0,83.877
2024-07-19,84323.0,84.323
2024-07-20,81893.0,81.893
2024-07-21,81439.0,81.439
2024-07-22,81641.0,81.641
2024-07-23,81529.0,81.529
2024-07-24,80393.0,80.393
2024-07-25,80260.0,80.26
2024-07-26,78024.0,78.024
2024-07-27,70722.0,70.722
2024-07-28,81592.0,81.592
2024-07-29,80937.0,80.937
2024-07-30,80272.0,80.272
2024-07-31,79881.0,79.881
2024-08-01,77615.0,77.615
2024-08-02,78952.0,78.952
2024-08-03,78989.0,78.989
2024-08-04,77178.0,77.178
2024-08-05,80232.0,80.232
2024-08-06,78493.0,78.493
2024-08-07,77366.0,77.366
2024-08-08,77897.0,77.897
2024-08-09,76689.0,76.689
2024-08-10,76424.0,76.424
2024-08-11,71879.0,71.879
2024-08-12,73641.0,73.641
2024-08-13,74967.0,74.967
2024-08-14,72455.0,72.455
2024-08-15,74729.0,74.729
2024-08-16,72565.0,72.565
2024-08-17,69465.0,69.465
2024-08-18,71949.0,71.949
2024-08-19,69617.0,69.617
2024-08-20,73237.0,73.237
2024-08-21,73997.0,73.997
2024-08-22,69676.0,69.676
2024-08-23,71491.0,71.491
2024-08-24,65505.0,65.505
2024-08-25,70899.0,70.899
2024-08-26,68876.0,68.876
2024-08-27,66084.0,66.084
2024-08-28,68212.0,68.212
2024-08-29,65801.0,65.801
2024-08-30,65678.0,65.678
2024-08-31,61640.0,61.64
2024-09-01,60380.0,60.38
2024-09-02,66652.0,66.652
2024-09-03,67212.0,67.212
2024-09-04,63743.0,63.743
2024-09-05,65455.0,65.455
2024-09-06,65190.0,65.19
2024-09-07,64627.0,64.627
2024-09-08,61789.0,61.789
2024-09-09,61870.0,61.87
2024-09-10,61281.0,61.281
2024-09-11,65621.0,65.621
2024-09-12,60481.0,60.481
2024-09-13,61109.0,61.109
2024-09-14,62600.0,62.6
2024-09-15,53412.0,53.412
2024-09-16,51404.0,51.404
2024-09-17,53262.0,53.262
2024-09-18,51269.0,51.269
2024-09-19,58900.0,58.9
2024-09-20,53358.0,53.358
2024-09-21,50318.0,50.318
2024-09-22,44988.0,44.988
2024-09-23,53996.0,53.996
2024-09-24,58405.0,58.405
2024-09-25,57612.0,57.612
2024-09-26,57165.0,57.165
2024-09-27,57793.0,57.793
2024-09-28,58052.0,58.052
2024-09-29,57981.0,57.981
2024-09-30,56492.0,56.492
2024-10-01,44041.0,44.041
2024-10-02,46074.0,46.074
2024-10-03,57186.0,57.186
2024-10-04,55705.0,55.705
2024-10-05,54192.0,54.192
2024-10-06,50880.0,50.88
2024-10-07,48333.0,48.333
2024-10-08,52687.0,52.687
2024-10-09,53162.0,53.162
2024-10-10,53321.0,53.321
2024-10-11,53418.0,53.418
2024-10-12,52132.0,52.132
2024-10-13,52070.0,52.07
2024-10-14,48961.0,48.961
2024-10-15,47192.0,47.192
2024-10-16,48091.0,48.091
2024-10-17,44547.0,44.547
2024-10-18,42253.0,42.253
2024-10-19,50784.0,50.784
2024-10-20,49284.0,49.284
2024-10-21,49312.0,49.312
2024-10-22,49128.0,49.128
2024-10-23,48857.0,48.857
2024-10-24,48067.0,48.067
2024-10-25,47449.0,47.449
2024-10-26,43635.0,43.635
2024-10-27,43662.0,43.662
2024-10-28,42378.0,42.378
2024-10-29,43784.0,43.784
2024-10-30,42103.0,42.103
2024-10-31,41820.0,41.82
2024-11-01,39193.0,39.193
2024-11-02,36022.0,36.022
2024-11-03,35624.0,35.624
2024-11-04,38490.0,38.49
2024-11-05,39133.0,39.133
2024-11-06,38776.0,38.776
2024-11-07,37835.0,37.835
2024-11-08,35045.0,35.045
2024-11-09,33220.0,33.22
2024-11-10,29663.0,29.663
2024-11-11,36910.0,36.91
2024-11-12,37402.0,37.402
2024-11-13,37221.0,37.221
2024-11-14,35483.0,35.483
2024-11-15,36559.0,36.559
2024-11-16,33298.0,33.298
2024-11-17,35918.0,35.918
2024-11-18,30451.0,30.451
2024-11-19,41534.0,41.534
2024-11-20,47424.0,47.424
2024-11-21,50016.0,50.016
2024-11-22,48226.0,48.226
2024-11-23,47231.0,47.231
2024-11-24,15401.0,15.401
2024-11-25,10959.0,10.959
2024-11-26,25009.0,25.009
2024-11-27,40378.0,40.378
2024-11-28,46623.0,46.623
2024-11-29,46165.0,46.165
2024-11-30,49990.0,49.99
2024-12-01,49829.0,49.829
2024-12-02,49122.0,49.122
2024-12-03,49287.0,49.287
2024-12-04,47853.0,47.853
2024-12-05,49169.0,49.169
2024-12-06,47616.0,47.616
2024-12-07,39576.0,39.576
2024-12-08,44442.0,44.442
2024-12-09,47047.0,47.047
2024-12-10,35949.0,35.949
2024-12-11,38066.0,38.066
2024-12-12,35373.0,35.373
2024-12-13,42257.0,42.257
2024-12-14,44130.0,44.13
2024-12-15,48571.0,48.571
2024-12-16,46449.0,46.449
2024-12-17,43265.0,43.265
2024-12-18,43478.0,43.478
2024-12-19,45641.0,45.641
2024-12-20,19039.0,19.039
2024-12-21,29439.0,29.439
2024-12-22,43194.0,43.194
2024-12-23,45339.0,45.339
2024-12-24,45175.0,45.175
2024-12-25,45210.0,45.21
2024-12-26,38101.0,38.101
2024-12-27,42500.0,42.5
2024-12-28,43991.0,43.991
2024-12-29,42202.0,42.202
2024-12-30,34680.0,34.68
2024-12-31,15999.0,15.999
2025-01-01,44853.0,44.853
2025-01-02,51556.0,51.556
2025-01-03,50009.0,50.009
2025-01-04,41224.0,41.224
2025-01-05,33975.0,33.975
2025-01-06,46540.0,46.54
2025-01-07,49951.0,49.951
2025-01-08,50146.0,50.146
2025-01-09,51888.0,51.888
2025-01-10,44844.0,44.844
2025-01-11,32876.0,32.876
2025-01-12,43915.0,43.915
2025-01-13,52105.0,52.105
2025-01-14,48582.0,48.582
2025-01-15,45832.0,45.832
2025-01-16,39814.0,39.814
2025-01-17,50633.0,50.633
2025-01-18,52645.0,52.645
2025-01-19,51080.0,51.08
2025-01-20,54590.0,54.59
2025-01-21,55020.0,55.02
2025-01-22,22853.0,22.853
2025-01-23,33514.0,33.514
2025-01-24,36490.0,36.49
2025-01-25,52715.0,52.715
2025-01-26,52541.0,52.541
2025-01-27,42961.0,42.961
2025-01-28,52358.0,52.358
2025-01-29,56392.0,56.392
2025-01-30,58838.0,58.838
2025-01-31,46751.0,46.751
2025-02-01,47765.0,47.765
2025-02-02,55952.0,55.952
2025-02-03,45269.0,45.269
2025-02-04,61931.0,61.931
2025-02-05,26905.0,26.905
2025-02-06,35223.0,35.223
2025-02-07,25371.0,25.371
2025-02-08,44750.0,44.75
2025-02-09,29130.0,29.13
2025-02-10,38195.0,38.195
2025-02-11,61344.0,61.344
2025-02-12,47263.0,47.263
2025-02-13,53167.0,53.167
2025-02-14,69010.0,69.01
2025-02-15,70046.0,70.046
2025-02-16,55293.0,55.293
2025-02-17,67932.0,67.932
2025-02-18,66944.0,66.944
2025-02-19,50202.0,50.202
2025-02-20,35167.0,35.167
2025-02-21,32349.0,32.349
2025-02-22,33347.0,33.347
2025-02-23,39873.0,39.873
2025-02-24,26707.0,26.707
2025-02-25,79178.0,79.178
2025-02-26,78151.0,78.151
2025-02-27,78335.0,78.335
2025-02-28,78937.0,78.937
2025-03-01,52459.0,52.459
2025-03-02,79150.0,79.15
2025-03-03,58676.0,58.676
2025-03-04,70345.0,70.345
2025-03-05,61553.0,61.553
2025-03-06,51380.0,51.38
2025-03-07,21234.0,21.234
2025-03-08,68803.0,68.803
2025-03-09,71672.0,71.672
2025-03-10,80438.0,80.438
2025-03-11,81386.0,81.386
2025-03-12,83617.0,83.617
2025-03-13,78250.0,78.25
2025-03-14,70506.0,70.506
2025-03-15,79351.0,79.351
2025-03-16,81225.0,81.225
2025-03-17,70358.0,70.358
2025-03-18,79265.0,79.265
2025-03-19,80337.0,80.337
2025-03-20,45865.0,45.865
2025-03-21,26319.0,26.319
2025-03-22,58493.0,58.493
2025-03-23,90850.0,90.85
2025-03-24,88464.0,88.464
2025-03-25,83392.0,83.392
2025-03-26,82390.0,82.39
2025-03-27,82981.0,82.981
2025-03-28,72781.0,72.781
2025-03-29,42524.0,42.524
2025-03-30,87406.0,87.406
2025-03-31,90331.0,90.331
2025-04-01,32529.0,32.529
2025-04-02,86518.0,86.518
2025-04-03,85277.0,85.277
2025-04-04,79388.0,79.388
2025-04-05,89126.0,89.126
2025-04-06,53955.0,53.955
2025-04-07,71480.0,71.48
2025-04-08,40674.0,40.674
2025-04-09,59622.0,59.622
2025-04-10,66257.0,66.257
2025-04-11,68924.0,68.924
2025-04-12,62584.0,62.584
2025-04-13,64932.0,64.932
2025-04-14,77142.0,77.142
2025-04-15,71950.0,71.95
2025-04-16,85722.0,85.722
2025-04-17,86098.0,86.098
2025-04-18,84409.0,84.409
2025-04-19,83738.0,83.738
2025-04-20,85664.0,85.664
2025-04-21,85318.0,85.318
2025-04-22,71146.0,71.146
2025-04-23,45334.0,45.334
2025-04-24,68332.0,68.332
2025-04-25,82110.0,82.11
2025-04-26,84265.0,84.265
2025-04-27,76453.0,76.453
2025-04-28,86925.0,86.925
2025-04-29,83965.0,83.965
2025-04-30,58200.0,58.2
2025-05-01,74381.0,74.381
2025-05-02,78652.0,78.652
2025-05-03,79345.0,79.345
2025-05-04,66611.0,66.611
2025-05-05,73849.0,73.849
2025-05-06,88476.0,88.476
2025-05-07,90944.0,90.944
2025-05-08,91755.0,91.755
2025-05-09,88613.0,88.613
2025-05-10,88013.0,88.013
2025-05-11,87544.0,87.544
2025-05-12,81574.0,81.574
2025-05-13,73959.0,73.959
2025-05-14,83712.0,83.712
2025-05-15,73685.0,73.685
2025-05-16,88602.0,88.602
2025-05-17,77560.0,77.56
2025-05-18,80869.0,80.869
2025-05-19,87583.0,87.583
2025-05-20,91601.0,91.601
2025-05-21,91171.0,91.171
2025-05-22,89408.0,89.408
2025-05-23,90283.0,90.283
2025-05-24,89080.0,89.08
2025-05-25,86804.0,86.804
2025-05-26,79640.0,79.64
2025-05-27,83878.0,83.878
2025-05-28,85943.0,85.943
2025-05-29,89049.0,89.049
2025-05-30,84721.0,84.721
2025-05-31,83828.0,83.828
2025-06-01,82842.0,82.842
2025-06-02,87055.0,87.055
2025-06-03,86663.0,86.663
2025-06-04,86907.0,86.907
2025-06-05,85254.0,85.254
2025-06-06,85324.0,85.324
2025-06-07,85338.0,85.338
2025-06-08,85328.0,85.328
2025-06-09,84041.0,84.041
2025-06-10,80904.0,80.904
2025-06-11,82956.0,82.956
2025-06-12,83857.0,83.857
2025-06-13,104969.0,104.969
2025-06-14,106410.0,106.41
2025-06-15,107771.0,107.771
2025-06-16,105533.0,105.533
2025-06-17,106705.0,106.705
2025-06-18,106369.0,106.369
2025-06-19,106163.0,106.163
2025-06-20,104950.0,104.95
2025-06-21,105117.0,105.117
2025-06-22,104867.0,104.867
2025-06-23,97405.0,97.405
2025-06-24,101574.0,101.574
2025-06-25,103625.0,103.625
2025-06-26,101722.0,101.722
2025-06-27,100988.0,100.988
2025-06-28,99637.0,99.637
2025-06-29,99793.0,99.793
2025-06-30,99046.0,99.046
2025-07-01,91823.0,91.823
2025-07-02,95648.0,95.648
2025-07-03,99482.0,99.482
2025-07-04,100033.0,100.033
2025-07-05,102002.0,102.002
2025-07-06,101308.0,101.308
2025-07-07,100164.0,100.164
2025-07-08,100179.0,100.179
2025-07-09,99786.0,99.786
2025-07-10,96643.0,96.643
2025-07-11,97141.0,97.141
2025-07-12,96288.0,96.288
2025-07-13,94502.0,94.502
2025-07-14,96425.0,96.425
2025-07-15,96400.0,96.4
2025-07-16,95347.0,95.347
2025-07-17,92029.0,92.029
2025-07-18,91849.0,91.849
2025-07-19,93958.0,93.958
2025-07-20,94628.0,94.628
2025-07-21,91141.0,91.141
2025-07-22,91884.0,91.884
2025-07-23,90641.0,90.641
2025-07-24,90957.0,90.957
2025-07-25,92155.0,92.155
2025-07-26,88814.0,88.814
2025-07-27,90112.0,90.112
2025-07-28,88801.0,88.801
2025-07-29,87727.0,87.727
2025-07-30,86891.0,86.891
2025-07-31,82836.0,82.836
2025-08-01,76480.0,76.48
2025-08-02,88261.0,88.261
2025-08-03,86432.0,86.432
2025-08-04,86525.0,86.525
2025-08-05,88026.0,88.026
2025-08-06,87403.0,87.403
2025-08-07,84945.0,84.945
2025-08-08,84209.0,84.209
2025-08-09,75999.0,75.999
2025-08-10,76557.0,76.557
2025-08-11,68935.0,68.935
2025-08-12,72933.0,72.933
2025-08-13,74430.0,74.43
2025-08-14,76827.0,76.827
2025-08-15,78821.0,78.821
2025-08-16,77884.0,77.884
2025-08-17,77982.0,77.982
2025-08-18,78859.0,78.859
2025-08-19,77943.0,77.943
2025-08-20,78452.0,78.452
2025-08-21,72184.0,72.184
2025-08-22,77296.0,77.296
2025-08-23,77668.0,77.668
2025-08-24,76166.0,76.166
2025-08-25,74512.0,74.512
2025-08-26,78090.0,78.09
2025-08-27,71694.0,71.694
2025-08-28,73016.0,73.016
2025-08-29,75501.0,75.501
2025-08-30,72961.0,72.961
2025-08-31,75895.0,75.895
2025-09-01,75983.0,75.983
2025-09-02,72393.0,72.393
2025-09-03,69602.0,69.602
2025-09-04,70961.0,70.961
2025-09-05,71255.0,71.255
2025-09-06,71219.0,71.219
2025-09-07,65033.0,65.033
2025-09-08,64343.0,64.343
2025-09-09,70684.0,70.684
2025-09-10,71780.0,71.78
2025-09-11,69879.0,69.879
2025-09-12,70519.0,70.519
2025-09-13,69043.0,69.043
2025-09-14,68115.0,68.115
2025-09-15,62498.0,62.498
2025-09-16,66274.0,66.274
2025-09-17,67775.0,67.775
2025-09-18,67125.0,67.125
2025-09-19,61551.0,61.551
2025-09-20,65786.0,65.786
2025-09-21,61945.0,61.945
2025-09-22,61416.0,61.416
2025-09-23,61681.0,61.681
2025-09-24,60639.0,60.639
2025-09-25,58042.0,58.042
2025-09-26,56978.0,56.978
2025-09-27,60302.0,60.302
2025-09-28,58706.0,58.706
2025-09-29,58892.0,58.892
2025-09-30,58719.0,58.719
2025-10-01,57380.0,57.38
2025-10-02,57919.0,57.919
2025-10-03,56220.0,56.22
2025-10-04,54230.0,54.23
2025-10-05,55594.0,55.594
2025-10-06,51124.0,51.124
2025-10-07,56036.0,56.036
2025-10-08,54837.0,54.837
2025-10-09,42992.0,42.992
2025-10-10,54578.0,54.578
2025-10-11,52800.0,52.8
2025-10-12,35853.0,35.853
2025-10-13,53799.0,53.799
2025-10-14,53532.0,53.532
2025-10-15,52388.0,52.388
2025-10-16,50395.0,50.395
2025-10-17,47790.0,47.79
2025-10-18,47489.0,47.489
2025-10-19,49785.0,49.785
2025-10-20,49000.0,49.0
2025-10-21,47299.0,47.299
2025-10-22,46183.0,46.183
2025-10-23,44347.0,44.347
2025-10-24,41833.0,41.833
2025-10-25,46151.0,46.151
2025-10-26,46160.0,46.16
2025-10-27,45761.0,45.761
2025-10-28,43816.0,43.816
2025-10-29,4309.0,4.309
2025-10-30,43489.0,43.489
2025-10-31,42683.0,42.683
2025-11-01,41167.0,41.167
2025-11-02,37838.0,37.838
2025-11-03,36958.0,36.958
2025-11-04,33878.0,33.878
2025-11-05,37186.0,37.186
2025-11-06,36853.0,36.853
2025-11-07,35573.0,35.573
2025-11-08,37440.0,37.44
2025-11-09,36329.0,36.329
2025-11-10,36302.0,36.302
2025-11-11,34362.0,34.362
2025-11-12,34089.0,34.089
2025-11-13,31572.0,31.572
2025-11-14,27720.0,27.72
2025-11-15,34891.0,34.891
2025-11-16,30225.0,30.225
2025-11-17,52278.0,52.278
2025-11-18,53889.0,53.889
2025-11-19,53223.0,53.223
2025-11-20,51500.0,51.5
2025-11-21,51567.0,51.567
2025-11-22,52642.0,52.642
2025-11-23,52052.0,52.052
2025-11-24,48332.0,48.332
2025-11-25,39038.0,39.038
2025-11-26,54429.0,54.429
2025-11-27,51285.0,51.285
2025-11-28,46657.0,46.657
2025-11-29,44284.0,44.284
2025-11-30,39296.0,39.296
2025-12-01,47014.0,47.014
2025-12-02,49195.0,49.195
2025-12-03,48166.0,48.166
2025-12-04,46522.0,46.522
2025-12-05,38859.0,38.859
2025-12-06,38786.0,38.786
2025-12-07,45269.0,45.269
2025-12-08,44736.0,44.736
2025-12-09,44840.0,44.84
2025-12-10,28898.0,28.898
2025-12-11,20180.0,20.18
2025-12-12,12928.0,12.928
2025-12-13,39837.0,39.837
2025-12-14,46398.0,46.398
2025-12-15,29337.0,29.337
2025-12-16,35497.0,35.497
2025-12-17,45577.0,45.577
2025-12-18,50529.0,50.529
2025-12-19,35973.0,35.973
2025-12-20,48557.0,48.557
2025-12-21,45027.0,45.027
2025-12-22,48452.0,48.452
2025-12-23,49597.0,49.597
2025-12-24,49345.0,49.345
2025-12-25,48343.0,48.343
2025-12-26,46251.0,46.251
2025-12-27,34369.0,34.369
2025-12-28,34309.0,34.309
2025-12-29,20043.0,20.043
2025-12-30,35875.0,35.875
2025-12-31,45929.0,45.929
2026-01-01,45315.0,45.315
2026-01-02,20870.0,20.87
2026-01-03,52090.0,52.09
2026-01-04,49981.0,49.981
2026-01-05,50807.0,50.807
2026-01-06,48827.0,48.827
2026-01-07,48505.0,48.505
2026-01-08,49426.0,49.426
2026-01-09,22054.0,22.054
2026-01-10,34468.0,34.468
2026-01-11,55231.0,55.231
2026-01-12,53050.0,53.05
2026-01-13,15335.0,15.335
2026-01-14,23915.0,23.915
2026-01-15,42749.0,42.749
2026-01-16,53514.0,53.514
2026-01-17,56099.0,56.099
2026-01-18,32151.0,32.151
2026-01-19,23819.0,23.819
2026-01-20,47131.0,47.131
2026-01-21,37448.0,37.448
2026-01-22,17452.0,17.452
2026-01-23,37208.0,37.208
2026-01-24,53039.0,53.039
2026-01-25,56986.0,56.986
2026-01-26,51094.0,51.094
2026-01-27,48241.0,48.241
2026-01-28,41724.0,41.724
2026-01-29,49879.0,49.879
2026-01-30,48728.0,48.728
2026-01-31,51490.0,51.49
2026-02-01,53619.0,53.619
2026-02-02,54153.0,54.153
2026-02-03,31887.0,31.887
2026-02-04,58337.0,58.337
2026-02-05,65869.0,65.869
2026-02-06,47038.0,47.038
2026-02-07,60874.0,60.874
2026-02-08,58874.0,58.874
2026-02-09,38565.0,38.565
2026-02-10,58854.0,58.854
2026-02-11,57343.0,57.343
2026-02-12,62867.0,62.867
2026-02-13,52146.0,52.146
2026-02-14,49229.0,49.229
2026-02-15,66050.0,66.05
2026-02-16,58323.0,58.323
2026-02-17,35365.0,35.365
2026-02-18,63482.0,63.482
2026-02-19,35402.0,35.402
2026-02-20,66055.0,66.055
2026-02-21,60425.0,60.425
2026-02-22,60920.0,60.92
2026-02-23,54226.0,54.226
2026-02-24,47274.0,47.274
2026-02-25,75174.0,75.174
2026-02-26,41484.0,41.484
2026-02-27,55896.0,55.896
2026-02-28,55609.0,55.609
2026-03-01,70782.0,70.782
2026-03-02,76635.0,76.635
2026-03-03,78955.0,78.955
2026-03-04,74129.0,74.129
2026-03-05,76457.0,76.457
2026-03-06,82008.0,82.008
2026-03-07,59873.0,59.873
2026-03-08,80707.0,80.707
2026-03-09,69992.0,69.992
2026-03-10,84138.0,84.138
2026-03-11,81341.0,81.341
2026-03-12,78344.0,78.344
2026-03-13,58474.0,58.474
2026-03-14,10901.0,10.901
2026-03-15,51836.0,51.836
2026-03-16,75139.0,75.139
2026-03-17,77188.0,77.188
2026-03-18,43713.0,43.713
2026-03-19,59846.0,59.846
2026-03-20,63444.0,63.444
2026-03-21,47216.0,47.216
2026-03-22,76076.0,76.076
2026-03-23,67674.0,67.674
2026-03-24,3682.0,3.682
